result_id,start_date,altitude,nirca_only,regionals,nationals,sport_name,team_id,event_name,gender,temperature,dew_point,humidity,wind_speed,precipitation_mm,result_time,athlete_id,gender_1,grade,date,seconds,gender_clean,grade_num,year,prior_count,last_time,days_since,mean_prior,best_prior,recent3_mean,ewma_time,history_cv,trend_recent,median_prior,target_seconds,target_log,log_last_time,log_mean_prior,log_median_prior,log_best_prior,log_recent3_mean,log_ewma_time,d_log_last_time,d_log_mean_prior,d_log_best_prior,d_log_recent3_mean,d_log_ewma_time,target_resid
99190,2025-03-21,812.0,False,False,False,Outdoor Track,1,1500m,,,,,,,5:27.22,1,M,,2025-03-21,327.22,M,,2025,1,326.01,364.0,326.01,326.01,326.01,326.01,0.0,0.0,326.01,327.22,5.7906327275549305,5.7869280557428695,5.7869280557428695,5.7869280557428695,5.7869280557428695,5.7869280557428695,5.7869280557428695,0.0,0.0,0.0,0.0,0.0,0.0037046718120610223
102963,2025-04-05,147.0,True,False,True,Outdoor Track,1,1500m,M,82.29,70.68,68.0,12.75,,5:09.54,1,M,,2025-04-05,309.54,M,,2025,2,327.22,15.0,326.615,326.01,326.615,327.0006875,0.0026195955642904197,0.0,326.9175,309.54,5.7350873244846134,5.7906327275549305,5.788782107222073,5.789707845487893,5.7869280557428695,5.788782107222073,5.789962273341526,0.0009248820670375579,-0.0009257382658196533,-0.0027797897450234643,-0.0009257382658196533,0.0002544278536333877,-0.05462052100327952
126494,2026-03-20,812.0,False,False,False,Outdoor Track,1,1500m,,,,,,,5:16.50,1,M,Sr,2026-03-20,316.5,M,4.0,2026,3,309.54,349.0,320.92333333333335,309.54,320.92333333333335,314.02218750000003,0.030776206536437003,0.0,318.0775,316.5,5.757323241584231,5.7350873244846134,5.771202257636117,5.762295063779375,5.7350873244846134,5.771202257636117,5.7494636442399205,-0.02720773929476117,0.00890719385674199,-0.02720773929476117,0.00890719385674199,-0.012831419539454103,-0.0049718221951433605
129308,2026-04-11,939.0,True,False,True,Outdoor Track,1,1500m,M,53.31,29.91,40.0,8.05,,5:07.06,1,M,,2026-04-11,307.06,M,,2026,4,316.5,22.0,319.8175,309.54,317.75333333333333,317.90993749999996,0.02614664403193864,0.0,319.8175,307.06,5.727043168230753,5.757323241584231,5.767750520603739,5.767750520603739,5.7350873244846134,5.761275400442024,5.761768127258314,-0.010427279019507907,0.0,-0.032663196119125715,-0.006475120161715253,-0.005982393345425052,-0.04070735237298617
122865,2026-02-28,737.0,True,False,False,Indoor Track,1,3000m,,,,,,,11:44.44,1,M,,2026-02-28,704.44,M,,2026,1,693.15,364.0,693.1500000000001,693.15,693.15,693.15,0.0,0.0,693.15,704.44,6.557403160926884,6.541246425984385,6.541246425984385,6.541246425984385,6.541246425984385,6.541246425984385,6.541246425984385,0.0,0.0,0.0,0.0,0.0,0.016156734942499362
15468,2024-03-22,812.0,False,False,False,Outdoor Track,1,5000m,,,,,,,19:38.44,1,M,,2024-03-22,1178.44,M,,2024,1,1241.58,342.0,1241.58,1241.58,1241.58,1241.58,0.0,0.0,1241.58,1178.44,7.071946808903621,7.124140041051793,7.124140041051793,7.124140041051793,7.124140041051793,7.124140041051793,7.124140041051793,0.0,0.0,0.0,0.0,0.0,-0.05219323214817173
18508,2024-04-06,147.0,True,False,True,Outdoor Track,1,5000m,F,55.06,34.12,45.0,14.97,,19:30.67,1,M,,2024-04-06,1170.67,M,,2024,2,1178.44,15.0,1210.01,1178.44,1210.01,1189.884125,0.03689781255041136,0.0,1194.225,1170.67,7.065331513463254,7.071946808903621,7.098383903019446,7.085252718410599,7.071946808903621,7.098383903019446,7.081611207414844,-0.013305909506978075,0.01313118460884688,-0.013305909506978075,0.01313118460884688,-0.0036415109957550484,-0.019921204947345394
77075,2024-10-08,734.0,False,False,False,Cross Country,1,5000m,M,67.6,46.11,46.0,11.5,,20:24.00,1,M,,2024-10-08,1224.0,M,,2024,3,1170.67,185.0,1196.8966666666668,1170.67,1196.8966666666668,1180.99675,0.03249355808604509,0.0,1190.3400000000001,1224.0,7.1098794630722715,7.065331513463254,7.087487374903158,7.081994259582736,7.065331513463254,7.087487374903158,7.074114064288411,-0.01666274611948193,0.005493115320422071,-0.01666274611948193,0.005493115320422071,-0.007880195294324821,0.027885203489535826
99195,2025-03-21,812.0,False,False,False,Outdoor Track,1,5000m,,,,,,,19:59.78,1,M,,2025-03-21,1199.78,M,,2025,4,1224.0,164.0,1203.6725000000001,1170.67,1191.0366666666666,1215.3608125,0.02868346433157587,0.0,1203.6725000000001,1199.78,7.089893485635148,7.1098794630722715,7.093132578900568,7.093132578900568,7.065331513463254,7.082579355335367,7.102796276709841,0.016746884171703336,0.0,-0.02780106543731442,-0.010553223565200831,0.00966369780927323,-0.0032390932654200455
103601,2025-04-05,147.0,True,False,True,Outdoor Track,1,5000m,M,71.49,63.54,76.0,19.69,,19:29.60,1,M,,2025-04-05,1169.6,M,,2025,5,1199.78,15.0,1202.8939999999998,1170.67,1198.1499999999999,1201.2007624999999,0.024898776596982714,-0.008687382263108796,1202.8939999999998,1169.6,7.064417088995514,7.089893485635148,7.092485599041789,7.092485599041789,7.065331513463254,7.088533979518577,7.0910769708908585,-0.0025921134066413387,0.0,-0.027154085578535714,-0.003951619523212102,-0.0014086281509309018,-0.02806851004627564
126497,2026-03-20,812.0,False,False,False,Outdoor Track,1,5000m,,,,,,,20:45.89,1,M,Sr,2026-03-20,1245.89,M,4.0,2026,6,1169.6,349.0,1197.3449999999998,1169.6,1197.7933333333333,1183.1256875,0.02508852308566397,-0.001845750389403252,1197.3449999999998,1245.89,7.127605412946256,7.064417088995514,7.087861884581788,7.087861884581788,7.064417088995514,7.088236254055425,7.0759151030516385,-0.02344479558627377,0.0,-0.02344479558627377,0.0003743694736373371,-0.011946781530149053,0.03974352836446826
130182,2026-04-11,939.0,True,False,True,Outdoor Track,1,5000m,M,45.28,34.23,65.0,10.36,0.62,19:08.45,1,M,,2026-04-11,1148.45,M,,2026,7,1245.89,22.0,1204.28,1169.6,1205.09,1224.3048125,0.027397757810288848,0.015615139336366964,1204.28,1148.45,7.046168486135763,7.127605412946256,7.093637156970849,7.093637156970849,7.064417088995514,7.094309531932367,7.1101284618897544,0.03396825597540687,0.0,-0.029220067975335162,0.0006723749615176189,0.01649130491890549,-0.04746867083508555
84510,2021-10-08,692.0,False,False,False,Cross Country,1,8000m,,,,,,,37:49.60,1,M,,2021-10-08,2269.6,M,,2021,1,2041.7,13.0,2041.7000000000003,2041.7,2041.7,2041.7,0.0,0.0,2041.7000000000003,2269.6,7.727358883494642,7.621538073142154,7.621538073142154,7.621538073142154,7.621538073142154,7.621538073142154,7.621538073142154,0.0,0.0,0.0,0.0,0.0,0.1058208103524878
61712,2021-10-23,762.0,True,True,False,Cross Country,1,8000m,,,,,,,34:23.90,1,M,,2021-10-23,2063.9,M,,2021,2,2269.6,15.0,2155.6499999999996,2041.7,2155.65,2228.2931249999997,0.07475686471942385,0.0,2212.625,2063.9,7.63235267581533,7.727358883494642,7.675847581188365,7.701934872461321,7.621538073142154,7.675847581188366,7.708991156576491,0.025424011033321037,-0.026087291272955504,-0.08039679931916677,-0.026087291272954616,0.007056284115170008,-0.06958219664599063
25493,2021-11-06,762.0,True,False,True,Cross Country,1,8000m,,,,,,,34:43.60,1,M,,2021-11-06,2083.6,M,,2021,3,2063.9,14.0,2125.066666666666,2041.7,2125.0666666666666,2087.984375,0.05913261402952832,0.0,2109.7749999999996,2083.6,7.641852445871036,7.63235267581533,7.661558453415428,7.654336585713098,7.621538073142154,7.661558453415429,7.643954465736982,-0.021983909897768328,0.007221867702329909,-0.03279851257094446,0.0072218677023307976,-0.010382119976116044,-0.012484139842062092
63310,2022-09-24,638.0,True,False,False,Cross Country,1,8000m,,,,,,,33:11.70,1,M,,2022-09-24,1991.7,M,,2022,4,2083.6,322.0,2114.7,2041.7,2139.0333333333333,2096.8175,0.04949896757051081,0.0,2114.7,1991.7,7.596743824393223,7.641852445871036,7.656668237447939,7.656668237447939,7.621538073142154,7.668109292567029,7.648175998025494,-0.014815791576903159,0.0,-0.03513016430578553,0.011441055119089327,-0.008492239422444925,-0.0599244130547163
64386,2022-10-22,762.0,True,True,False,Cross Country,1,8000m,,,,,,,37:45.60,1,M,,2022-10-22,2265.6,M,,2022,5,1991.7,28.0,2090.0999999999995,1991.7,2046.4000000000003,2036.5949999999998,0.05073223395435123,-0.005980575092100858,2090.0999999999995,2265.6,7.725594903499401,7.596743824393223,7.6449671907041825,7.6449671907041825,7.596743824393223,7.623837430824579,7.619034574662372,-0.04822336631095947,0.0,-0.04822336631095947,-0.02112975987960386,-0.02593261604181052,0.08062771279521819
26638,2022-11-12,181.0,True,False,True,Cross Country,1,8000m,,,,,,,35:38.00,1,M,,2022-11-12,2138.0,M,,2022,6,2265.6,21.0,2119.35,1991.7,2113.633333333333,2194.303125,0.056084200482984084,-0.0004718427819850426,2119.35,2138.0,7.6676260915849905,7.725594903499401,7.658864716879926,7.658864716879926,7.596743824393223,7.656163704524348,7.693619792185184,0.06673018661947427,0.0,-0.06212089248670338,-0.0027010123555788468,0.03475507530525768,0.008761374705064107
226,2023-09-08,610.0,True,False,False,Cross Country,1,8000m,M,65.89,61.27,85.0,4.61,0.76,34:48.10,1,M,Sr,2023-09-08,2088.1,M,4.0,2023,7,2138.0,300.0,2122.014285714286,1991.7,2131.766666666667,2129.7074107142857,0.051241143444205904,0.008729912953326006,2122.014285714286,2088.1,7.644009840576016,7.6676260915849905,7.660121051344616,7.660121051344616,7.596743824393223,7.664706335894243,7.663739883406079,0.007505040240374683,0.0,-0.0633772269513928,0.004585284549627033,0.00361883206146274,-0.01611121076859945
1,2023-10-06,691.0,True,False,False,Cross Country,1,8000m,M,50.49,47.37,89.0,14.97,3.05,33:55.70,1,M,Sr,2023-10-06,2035.7,M,4.0,2023,8,2088.1,28.0,2117.7749999999996,1991.7,2163.9,2104.42125,0.04787104465672875,0.000531217905584871,2117.7749999999996,2035.7,7.618595019073001,7.644009840576016,7.658121288223684,7.658121288223684,7.596743824393223,7.679667428177737,7.651795767695804,-0.01411144764766803,0.0,-0.06137746383046139,0.021546139954052634,-0.0063255205278807125,-0.03952626915068347
4166,2023-10-13,502.0,False,False,False,Cross Country,1,8000m,M,61.63,60.48,96.0,3.0,2.03,32:56.80,1,M,Sr,2023-10-13,1976.8,M,4.0,2023,9,2035.7,7.0,2108.6555555555556,1991.7,2087.266666666667,2075.8255555555556,0.04680701019946032,0.005216594038328793,2108.6555555555556,1976.8,7.5892346546744,7.618595019073001,7.65380584592446,7.65380584592446,7.596743824393223,7.643610674030453,7.638114211639314,-0.0352108268514586,0.0,-0.05706202153123652,-0.010195171894006982,-0.01569163428514564,-0.06457119125005928
6000,2023-10-28,825.0,True,True,False,Cross Country,1,8000m,M,58.87,39.25,48.0,8.05,,33:25.00,1,M,,2023-10-28,2005.0,M,,2023,10,1976.8,15.0,2095.4700000000003,1976.8,2033.5333333333335,2042.0685,0.04866202894261503,-0.03445527733634935,2095.4700000000003,2005.0,7.60339933974067,7.5892346546744,7.647533150870377,7.647533150870377,7.5892346546744,7.617530117311938,7.621718543705557,-0.05829849619597649,0.0,-0.05829849619597649,-0.030003033558438474,-0.025814607164820202,-0.044133811129706935
7550,2023-11-11,762.0,True,False,True,Cross Country,1,8000m,M,45.55,26.69,46.0,6.26,,32:18.07,1,M,,2023-11-11,1938.07,M,,2023,11,2005.0,14.0,2087.245454545455,1976.8,2005.8333333333333,2050.235,0.0481540760317976,-0.015930086194506025,2087.245454545455,1938.07,7.569447911509453,7.60339933974067,7.643600511347678,7.643600511347678,7.5892346546744,7.603814880989117,7.625709699708803,-0.04020117160700831,0.0,-0.05436585667327787,-0.039785630358561086,-0.017890811638874737,-0.07415259983822509
69968,2024-09-28,638.0,True,False,False,Cross Country,1,8000m,M,65.19,61.86,89.0,10.36,0.51,34:06.49,1,M,,2024-09-28,2046.49,M,,2024,12,1938.07,322.0,2074.8141666666666,1938.07,1973.29,2013.2792916666667,0.050637232429384095,-0.018077522605438157,2074.8141666666666,2046.49,7.623881409529119,7.569447911509453,7.637626870421289,7.637626870421289,7.569447911509453,7.58745747950937,7.607520160013084,-0.06817895891183579,0.0,-0.06817895891183579,-0.05016939091191919,-0.030106710408205117,-0.01374546089216988
73150,2024-10-05,691.0,True,False,False,Cross Country,1,8000m,M,68.81,56.57,65.0,5.99,,31:51.40,1,M,,2024-10-05,1911.4,M,,2024,13,2046.49,7.0,2072.6353846153843,1938.07,1996.5199999999998,2060.8699615384617,0.048680198854292485,0.0013014831359257923,2072.6353846153843,1911.4,7.555591236832079,7.623881409529119,7.636576209177664,7.636576209177664,7.569447911509453,7.5991609439837795,7.630883484061692,-0.012694799648545363,0.0,-0.06712829766821127,-0.03741526519388483,-0.005692725115972408,-0.08098497234558533
82879,2024-10-26,825.0,True,True,False,Cross Country,1,8000m,M,57.22,40.75,54.0,12.66,,34:26.40,1,M,,2024-10-26,2066.4,M,,2024,14,1911.4,21.0,2061.118571428571,1911.4,1965.32,1993.7452142857144,0.05146933377284432,-0.00793258584277745,2061.118571428571,2066.4,7.633563241781631,7.555591236832079,7.631004110253843,7.631004110253843,7.555591236832079,7.583410360917534,7.597770166172012,-0.07541287342176428,0.0,-0.07541287342176428,-0.04759374933630944,-0.033233944081831446,0.002559131527787528
84832,2024-11-09,414.0,True,False,True,Cross Country,1,8000m,M,54.82,28.83,36.0,4.61,,36:23.60,1,M,,2024-11-09,2183.6,M,,2024,15,2066.4,14.0,2061.4706666666666,1911.4,2008.0966666666666,2063.688866666667,0.04959303184898598,0.007446140392975123,2061.4706666666666,2183.6,7.688730169907602,7.633563241781631,7.631174922924529,7.631174922924529,7.555591236832079,7.6049426204231425,7.6322503723445445,0.0023883188571014458,0.0,-0.07558368609245036,-0.02623230250138686,0.0010754494200151399,0.057555246983072905
108225,2025-09-27,734.0,True,False,False,Cross Country,1,8000m,M,81.3,62.55,53.0,8.05,,40:59.85,1,M,,2025-09-27,2459.85,M,,2025,16,2183.6,322.0,2069.10375,1911.4,2053.7999999999997,2120.6270625,0.04996346183340513,0.029666226258591426,2069.10375,2459.85,7.807855651457564,7.688730169907602,7.634870821485908,7.634870821485908,7.555591236832079,7.627447014764194,7.659467108128649,0.053859348421694264,0.0,-0.079279584653829,-0.0074238067217136106,0.024596286642741383,0.17298482997165632
111307,2025-10-10,692.0,False,False,False,Cross Country,1,8000m,M,68.41,47.98,48.0,13.8,,34:47.70,1,M,Gr,2025-10-10,2087.7,M,5.0,2025,17,2459.85,13.0,2092.088823529412,1911.4,2236.616666666667,2257.5813529411766,0.06588777048413853,0.04939560827329622,2092.088823529412,2087.7,7.6438182605189136,7.807855651457564,7.645918282949537,7.645918282949537,7.555591236832079,7.712719586353262,7.72204932138211,0.16193736850802765,0.0,-0.09032704611745768,0.06680130340372514,0.07613103843257374,-0.0021000224306231274
115855,2025-11-08,414.0,True,False,True,Cross Country,1,8000m,M,64.47,48.45,56.0,9.22,,39:19.90,1,M,,2025-11-08,2359.9,M,,2025,18,2087.7,29.0,2091.845,1911.4,2243.7166666666667,2089.97975,0.06392988956205764,0.021069916748133796,2091.845,2359.9,7.766374524240544,7.6438182605189136,7.645801730661679,7.645801730661679,7.555591236832079,7.715888996044528,7.6449096559167025,-0.0019834701427656753,0.0,-0.09021049382960022,0.07008726538284904,-0.0008920747449767674,0.12057279357886497
130594,2026-04-11,939.0,True,False,True,Outdoor Track,1,800m,M,56.77,45.14,65.0,12.21,,2:44.10,1,M,,2026-04-11,164.1,M,,2026,1,167.28,371.0,167.28,167.28,167.28,167.28,0.0,0.0,167.28,164.1,5.100475998096045,5.1196690551203785,5.1196690551203785,5.1196690551203785,5.1196690551203785,5.1196690551203785,5.1196690551203785,0.0,0.0,0.0,0.0,0.0,-0.01919305702433327
22346,2024-04-06,67.0,True,False,True,Road Race,1,Half Marathon,M,36.81,29.62,74.0,3.44,,1:33:10.00,1,M,Sr,2024-04-06,5590.0,M,4.0,2024,1,5711.0,728.0,5711.0,5711.0,5711.0,5711.0,0.0,0.0,5711.0,5590.0,8.628734566149145,8.650149418664864,8.650149418664864,8.650149418664864,8.650149418664864,8.650149418664864,8.650149418664864,0.0,0.0,0.0,0.0,0.0,-0.021414852515718508
11645,2024-02-17,594.0,False,False,False,Indoor Track,1,Mile,,,,,,,5:45.47,1,M,,2024-02-17,345.47,M,,2024,1,352.08,21.0,352.0799999999999,352.08,352.08,352.0799999999999,0.0,0.0,352.08,345.47,5.84490580875755,5.863858422502836,5.863858422502836,5.863858422502836,5.863858422502836,5.863858422502836,5.863858422502836,0.0,0.0,0.0,0.0,0.0,-0.01895261374528623
89255,2025-01-25,1119.0,False,False,False,Indoor Track,1,Mile,,,,,,,5:51.54,1,M,,2025-01-25,351.54,M,,2025,2,345.47,343.0,348.7750000000001,345.47,348.775,346.6680625,0.013401120560914546,0.0,347.12250000000006,351.54,5.8623235027847524,5.84490580875755,5.854427015154172,5.849677743584465,5.84490580875755,5.8544270151541715,5.84836772990151,-0.004771934826915292,0.004749271569707503,-0.004771934826915292,0.004749271569706615,-0.0013100136829544695,0.012645759200287543
93158,2025-02-22,594.0,False,False,False,Indoor Track,1,Mile,,,,,,,5:53.97,1,M,Sr,2025-02-22,353.97,M,4.0,2025,3,351.54,28.0,349.69666666666666,345.47,349.69666666666666,350.8141875,0.010495796713026383,0.0,350.15749999999997,353.97,5.869212163779937,5.8623235027847524,5.857066112044109,5.858383053263824,5.84490580875755,5.857066112044109,5.860256702952741,0.003940449520928091,-0.001316941219715595,-0.013477244506274744,-0.001316941219715595,0.0018736496889166787,0.010829110516112905
118693,2026-01-17,656.0,False,False,False,Indoor Track,1,Mile,,,,,,,5:59.10,1,M,,2026-01-17,359.1,M,,2026,4,353.97,329.0,350.765,345.47,350.32666666666665,352.60787500000004,0.010492865175155077,0.0,350.765,359.1,5.883600901232037,5.869212163779937,5.860116483570647,5.860116483570647,5.84490580875755,5.8588660525320595,5.8653566038039875,0.00909568020929008,0.0,-0.015210674813097569,-0.001250431038587685,0.005240120233340306,0.023484417661389756
119676,2026-02-07,656.0,False,False,False,Indoor Track,1,Mile,,,,,,,5:45.67,1,M,,2026-02-07,345.67,M,,2026,5,359.1,21.0,352.43199999999996,345.47,354.87000000000006,356.057725,0.013916174104144753,0.004979684024152205,352.43199999999996,345.67,5.845484562716465,5.883600901232037,5.864857695841802,5.864857695841802,5.84490580875755,5.871751525225755,5.875092866583727,0.018743205390235218,0.0,-0.019951887084252107,0.0068938293839533316,0.010235170741925259,-0.019373133125336395
121566,2026-02-21,594.0,False,False,False,Indoor Track,1,Mile,,,,,,,5:50.95,1,M,,2026-02-21,350.95,M,,2026,6,345.67,14.0,351.30500000000006,345.47,352.91333333333336,348.41706250000004,0.01475373224702192,0.00014232646845333016,351.30500000000006,350.95,5.86064376317643,5.845484562716465,5.861654792019912,5.861654792019912,5.84490580875755,5.866222512153195,5.853400217659764,-0.01617022930344625,0.0,-0.01674898326236196,0.004567720133283437,-0.00825457436014787,-0.0010110288434814763
9072,2024-02-02,734.0,False,False,False,Indoor Track,1,3000m,,,,,,,8:34.68,2,M,,2024-02-02,514.68,M,,2024,1,528.26,63.0,528.2600000000001,528.26,528.26,528.26,0.0,0.0,528.26,514.68,6.243545348316789,6.269588586747655,6.2695885867476555,6.269588586747655,6.269588586747655,6.269588586747655,6.269588586747655,0.0,8.881784197001252e-16,0.0,0.0,0.0,-0.026043238430865756
11205,2024-02-17,734.0,False,False,False,Indoor Track,1,3000m,,,,,,,8:42.34,2,M,,2024-02-17,522.34,M,,2024,2,514.68,15.0,521.47,514.68,521.47,517.1413749999999,0.018414309717734334,0.0,518.075,522.34,6.258318716848325,6.243545348316789,6.256651746419871,6.2501200194235516,6.243545348316789,6.256651746419871,6.2483162897382964,-0.006574671106762686,0.006531726996319875,-0.006574671106762686,0.006531726996319875,-0.0018037296852551066,0.008198697424773194
88086,2024-12-06,734.0,False,False,False,Indoor Track,1,3000m,,,,,,,8:19.53,2,M,Jr,2024-12-06,499.53,M,3.0,2024,3,522.34,293.0,521.76,514.68,521.76,522.111625,0.013049205466148977,0.0,521.905,499.53,6.213667656345135,6.258318716848325,6.257207712041009,6.257485578982859,6.243545348316789,6.257207712041009,6.257881406018081,0.0008331378654657939,-0.00027786694185039096,-0.013940230666070086,-0.00027786694185039096,0.0003958270352217852,-0.043817922637724216
93252,2025-02-22,734.0,False,False,False,Indoor Track,1,3000m,,,,,,,8:19.59,2,M,Jr,2025-02-22,499.59,M,3.0,2025,4,499.53,78.0,516.2025,499.53,512.1833333333333,506.61581249999995,0.02407522342536706,0.0,516.2025,499.59,6.213787762038289,6.213667656345135,6.246499130356861,6.246499130356861,6.213667656345135,6.238682633863367,6.227752950069011,-0.03283147401172659,0.0,-0.03283147401172659,-0.007816496493494363,-0.018746180287850578,-0.03271136831857202
121476,2026-02-14,656.0,False,False,False,Indoor Track,1,3000m,,,,,,,8:13.75,2,M,,2026-02-14,493.75,M,,2026,5,499.59,357.0,512.88,499.53,507.15333333333336,505.65356249999996,0.025498886114007083,-0.01397500389954766,512.88,493.75,6.202029316215332,6.213787762038289,6.240041899679002,6.240041899679002,6.213667656345135,6.228813390477785,6.2258517757104865,-0.026254137640712827,0.0,-0.026374243333867398,-0.011228509201217207,-0.0141901239685156,-0.038012583463670424
90591,2025-01-31,734.0,False,False,False,Indoor Track,1,5000m,,,,,,,14:26.46,2,M,,2025-01-31,866.46,M,,2025,1,926.84,657.0,926.8400000000001,926.84,926.84,926.8400000000001,0.0,0.0,926.84,866.46,6.764415945366529,6.831780950884548,6.831780950884548,6.831780950884548,6.831780950884548,6.831780950884548,6.831780950884548,0.0,0.0,0.0,0.0,0.0,-0.0673650055180195
92189,2025-02-08,656.0,False,False,False,Indoor Track,1,5000m,,,,,,,14:45.97,2,M,,2025-02-08,885.97,M,,2025,2,866.46,8.0,896.65,866.46,896.6500000000001,877.403875,0.047616246526565445,0.0,881.5550000000001,885.97,6.78668308998667,6.764415945366529,6.798665596394433,6.781687393538714,6.764415945366529,6.798665596394433,6.776967405180077,-0.01727144817218562,0.016978202855718827,-0.01727144817218562,0.016978202855718827,-0.004719988358637295,0.004995696447955389
99191,2025-03-21,812.0,False,False,False,Outdoor Track,1,5000m,,,,,,,14:48.59,2,M,,2025-03-21,888.59,M,,2025,3,885.97,41.0,893.09,866.46,893.09,888.7735,0.03450185144826994,0.0,891.31,888.59,6.789635936781046,6.78668308998667,6.794687359672726,6.792692290640657,6.764415945366529,6.794687359672726,6.789842422399381,-0.006009200653987357,0.001995069032068919,-0.028276345274128367,0.001995069032068919,-0.0028498682412756438,-0.003056353859610894
119322,2026-01-30,734.0,False,False,False,Indoor Track,1,5000m,,,,,,,14:33.74,2,M,,2026-01-30,873.74,M,,2026,4,888.59,315.0,891.9650000000001,866.46,880.34,890.0243750000001,0.02831874601508923,0.0,891.9650000000001,873.74,6.77278284856121,6.789635936781046,6.793426894142031,6.793426894142031,6.764415945366529,6.780308196489406,6.7912488499916,-0.0037909573609846703,0.0,-0.029010948775502143,-0.013118697652624967,-0.002178044150430658,-0.02064404558082078
64251,2022-10-22,762.0,True,True,False,Cross Country,1,8000m,,,,,,,28:13.30,2,M,,2022-10-22,1693.3,M,,2022,1,1553.0,28.0,1553.0000000000002,1553.0,1553.0,1553.0,0.0,0.0,1553.0,1693.3,7.434434566671295,7.347943823148687,7.347943823148687,7.347943823148687,7.347943823148687,7.347943823148687,7.347943823148687,0.0,0.0,0.0,0.0,0.0,0.08649074352260833
23474,2022-11-12,181.0,True,False,True,Cross Country,1,8000m,,,,,,,28:07.00,2,M,,2022-11-12,1687.0,M,,2022,2,1693.3,21.0,1623.15,1553.0,1623.15,1667.870625,0.061120094507881306,0.0,1658.225,1687.0,7.430707082545968,7.434434566671295,7.392123984685767,7.41350303215754,7.347943823148687,7.392123984685767,7.419303016960891,0.020931534513755068,-0.021379047471772772,-0.06555920900885326,-0.021379047471772772,0.005799984803350533,0.017204050388428094
125,2023-09-08,610.0,True,False,False,Cross Country,1,8000m,M,65.89,61.27,85.0,4.61,0.76,27:25.50,2,M,So,2023-09-08,1645.5,M,2.0,2023,3,1687.0,300.0,1644.4333333333334,1553.0,1644.4333333333334,1670.239375,0.04819059433553719,0.0,1655.075,1645.5,7.405799568383395,7.430707082545968,7.4051511256364035,7.411601604004913,7.347943823148687,7.4051511256364035,7.4207222334621985,0.019105478541055376,-0.006450478368509316,-0.06365778085622598,-0.006450478368509316,0.009120629457285645,-0.0058020356215182645
2,2023-10-06,691.0,True,False,False,Cross Country,1,8000m,M,50.49,47.37,89.0,14.97,3.05,26:57.10,2,M,So,2023-10-06,1617.1,M,2.0,2023,4,1645.5,28.0,1644.6999999999998,1553.0,1675.2666666666667,1645.1599999999999,0.03934241224312697,0.0,1644.6999999999998,1617.1,7.388389700583898,7.405799568383395,7.405313275747223,7.405313275747223,7.347943823148687,7.423727635567658,7.405592922907283,0.0004862926361717257,0.0,-0.057369452598535986,0.01841435982043471,0.0002796471600605699,-0.01692357516332521
5912,2023-10-28,825.0,True,True,False,Cross Country,1,8000m,M,58.87,39.25,48.0,8.05,,28:52.20,2,M,So,2023-10-28,1732.2,M,2.0,2023,5,1617.1,22.0,1639.1799999999998,1553.0,1649.8666666666668,1627.174,0.035005746628482326,0.009776229578203724,1639.1799999999998,1732.2,7.4571475558969444,7.388389700583898,7.401951395776562,7.401951395776562,7.347943823148687,7.408449755548669,7.3946000467988915,-0.01356169519266448,0.0,-0.054007572627875255,0.0064983597721068875,-0.0073513489776706464,0.05519616012038231
6730,2023-11-11,762.0,True,False,True,Cross Country,1,8000m,M,45.55,26.69,46.0,6.26,,25:23.00,2,M,So,2023-11-11,1523.0,M,2.0,2023,6,1732.2,14.0,1654.6833333333334,1553.0,1664.9333333333334,1694.410625,0.038584297242323005,0.005877257481290492,1654.6833333333334,1523.0,7.328437352895162,7.4571475558969444,7.41136493012782,7.41136493012782,7.347943823148687,7.417540361572881,7.435090245483761,0.04578262576912451,0.0,-0.06342110697913306,0.0061754314450608305,0.023725315355941134,-0.08292757723265787
66921,2024-09-20,734.0,False,False,False,Cross Country,1,8000m,M,77.11,69.73,78.0,5.75,4.99,24:34.00,2,M,Jr,2024-09-20,1474.0,M,3.0,2024,7,1523.0,314.0,1635.8714285714286,1523.0,1624.0999999999997,1581.5520535714286,0.04685093489506469,-0.025063094375212862,1635.8714285714286,1474.0,7.295735072749282,7.328437352895162,7.399930925181653,7.399930925181653,7.328437352895162,7.392709095180557,7.366161956254904,-0.07149357228649134,0.0,-0.07149357228649134,-0.007221830001096663,-0.03376896892674974,-0.10419585243237162
71871,2024-10-04,692.0,False,False,False,Cross Country,1,8000m,M,65.25,52.34,63.0,8.05,,24:18.70,2,M,Jr,2024-10-04,1458.7,M,3.0,2024,8,1474.0,14.0,1615.6374999999998,1474.0,1576.3999999999999,1551.900625,0.05642360595960232,-0.026537512282303426,1615.6374999999998,1458.7,7.285300907092168,7.295735072749282,7.387484894610771,7.387484894610771,7.295735072749282,7.362899045320849,7.347235668409633,-0.09174982186148917,0.0,-0.09174982186148917,-0.024585849289922024,-0.04024922620113802,-0.10218398751860303
108215,2025-09-27,734.0,True,False,False,Cross Country,1,8000m,M,81.3,62.55,53.0,8.05,,36:05.91,2,M,,2025-09-27,2165.91,M,,2025,9,1458.7,358.0,1598.1999999999998,1458.7,1485.2333333333333,1535.4250000000002,0.06259538357100179,-0.024777875109498165,1598.1999999999998,2165.91,7.680595875451122,7.285300907092168,7.376633274940362,7.376633274940362,7.285300907092168,7.303327165717467,7.336562494663221,-0.0913323678481941,0.0,-0.0913323678481941,-0.07330610922289527,-0.04007078027714073,0.30396260051075963
109796,2025-10-03,734.0,False,False,False,Cross Country,1,8000m,M,74.44,61.48,64.0,5.75,,24:31.50,2,M,Sr,2025-10-03,1471.5,M,4.0,2025,10,2165.91,6.0,1654.971,1458.7,1699.5366666666666,1884.89355,0.12253635926071475,0.06551625375912928,1654.971,1471.5,7.294037567673527,7.680595875451122,7.41153876499903,7.41153876499903,7.285300907092168,7.438110943876466,7.541626626138958,0.269057110452092,0.0,-0.1262378579068617,0.026572178877436237,0.13008786113992876,-0.11750119732550246
114531,2025-10-25,825.0,True,True,False,Cross Country,1,8000m,M,49.6,37.94,64.0,4.61,,25:34.80,2,M,,2025-10-25,1534.8,M,,2025,11,1471.5,22.0,1638.2918181818181,1458.7,1698.7033333333331,1563.2355000000002,0.12218980452786844,-0.007858795275123035,1638.2918181818181,1534.8,7.336155358372797,7.294037567673527,7.401409403723421,7.401409403723421,7.285300907092168,7.437620493908224,7.354512990856652,-0.10737183604989387,0.0,-0.11610849663125311,0.036211090184803396,-0.0468964128667686,-0.06525404535062407
119672,2026-02-07,656.0,False,False,False,Indoor Track,1,800m,,,,,,,2:00.30,2,M,,2026-02-07,120.3,M,,2026,1,119.44,799.0,119.44000000000001,119.44,119.44,119.44,0.0,0.0,119.44,120.3,4.789988622980633,4.782814153230935,4.782814153230935,4.782814153230935,4.782814153230935,4.782814153230935,4.782814153230935,0.0,0.0,0.0,0.0,0.0,0.007174469749698709
89002,2025-01-18,656.0,False,False,False,Indoor Track,1,Mile,,,,,,,4:16.02,2,M,Jr,2025-01-18,256.02,M,3.0,2025,1,259.95,364.0,259.95000000000005,259.95,259.95,259.95,0.0,0.0,259.95,256.02,5.545255566427963,5.560489304829725,5.560489304829725,5.560489304829725,5.560489304829725,5.560489304829725,5.560489304829725,0.0,0.0,0.0,0.0,0.0,-0.015233738401761343
118689,2026-01-17,656.0,False,False,False,Indoor Track,1,Mile,,,,,,,4:15.41,2,M,,2026-01-17,255.41,M,,2026,2,256.02,364.0,257.985,256.02,257.985,256.7323125,0.010771671415250237,0.0,257.0025,255.41,5.542870097099746,5.545255566427963,5.552901443696565,5.549085812474366,5.545255566427963,5.552901443696565,5.548033956464856,-0.0038302460464025856,0.0038156312221993005,-0.0038302460464025856,0.0038156312221993005,-0.001051856009509855,-0.006215715374620068
9429,2024-02-03,812.0,False,False,False,Indoor Track,117,3000m,,,,,,,8:48.23,3,M,,2024-02-03,528.23,M,,2024,1,540.97,7.0,540.97,540.97,540.97,540.97,0.0,0.0,540.97,528.23,6.269531794918091,6.29336382444385,6.29336382444385,6.29336382444385,6.29336382444385,6.29336382444385,6.29336382444385,0.0,0.0,0.0,0.0,0.0,-0.023832029525759246
13147,2024-02-24,737.0,True,False,False,Indoor Track,117,3000m,,,,,,,8:43.34,3,M,,2024-02-24,523.34,M,,2024,2,528.23,21.0,534.5999999999999,528.23,534.6,530.539125,0.016850992129307758,0.0,531.415,523.34,6.260231348446609,6.269531794918091,6.281518803704818,6.275543260251379,6.269531794918091,6.281518803704818,6.273893706512688,-0.006011465333288335,0.005975543453438981,-0.006011465333288335,0.005975543453438981,-0.0016495537386918002,-0.015311911804770872
33608,2023-04-15,939.0,True,False,True,Outdoor Track,117,5000m,,,,,,,15:04.38,3,M,,2023-04-15,904.38,M,,2023,1,937.96,378.0,937.9600000000002,937.96,937.96,937.96,0.0,0.0,937.96,904.38,6.807249626050493,6.843707304173706,6.843707304173706,6.843707304173706,6.843707304173706,6.843707304173706,6.843707304173706,0.0,0.0,0.0,0.0,0.0,-0.0364576781232131
9428,2024-02-03,812.0,False,False,False,Indoor Track,117,5000m,,,,,,,15:02.56,3,M,,2024-02-03,902.56,M,,2024,2,904.38,294.0,921.1700000000001,904.38,921.1700000000001,910.466375,0.02577661638160295,0.0,912.7750000000001,902.56,6.805235169991666,6.807249626050493,6.825644601198263,6.816489409916885,6.807249626050493,6.825644601198263,6.8139569682276235,-0.009239783866392237,0.009155191281378094,-0.009239783866392237,0.009155191281378094,-0.0025324416892615886,-0.011254239925219345
18389,2024-04-06,147.0,True,False,True,Outdoor Track,117,5000m,F,55.06,34.12,45.0,14.97,,15:12.25,3,M,,2024-04-06,912.25,M,,2024,3,902.56,63.0,914.9666666666667,902.56,914.9666666666667,907.445125,0.02178614130173458,0.0,911.865,912.25,6.815914075316557,6.805235169991666,6.818887634739442,6.815491952801565,6.805235169991666,6.818887634739442,6.810633095991164,-0.010256782809899612,0.003395681937876205,-0.010256782809899612,0.003395681937876205,-0.004858856810401768,0.0004221225149914076
19974,2024-04-20,610.0,False,False,False,Outdoor Track,117,5000m,,,,,,,15:05.05,3,M,,2024-04-20,905.05,M,,2024,4,912.25,14.0,914.2874999999999,902.56,906.3966666666666,913.1159375,0.01786341159593704,0.0,914.2874999999999,905.05,6.8079901907925615,6.815914075316557,6.818145073415542,6.818145073415542,6.805235169991666,6.809477032154813,6.81686285774661,-0.002230998098985637,0.0,-0.012909903423876656,-0.008668041260729176,-0.001282215668932274,-0.01015488262298092
25298,2021-11-06,762.0,True,False,True,Cross Country,117,8000m,,,,,,,27:47.10,3,M,,2021-11-06,1667.1,M,,2021,1,1773.5,14.0,1773.5,1773.5,1773.5,1773.5,0.0,0.0,1773.5,1667.1,7.4188408689539855,7.480710274213677,7.480710274213677,7.480710274213677,7.480710274213677,7.480710274213677,7.480710274213677,0.0,0.0,0.0,0.0,0.0,-0.06186940525969131
63109,2022-09-17,610.0,True,False,False,Cross Country,117,8000m,,,,,,,28:01.50,3,M,,2022-09-17,1681.5,M,,2022,2,1667.1,315.0,1720.3000000000002,1667.1,1720.3,1686.385,0.043734326290902306,0.0,1693.7,1681.5,7.427441531180325,7.4188408689539855,7.450253973202994,7.434670763897076,7.4188408689539855,7.450253973202994,7.430342463620578,-0.015829894943090395,0.015583209305917833,-0.015829894943090395,0.015583209305917833,-0.004328300276497998,-0.007229232716751355
63620,2022-10-01,859.0,True,False,False,Cross Country,117,8000m,,,,,,,25:42.20,3,M,,2022-10-01,1542.2,M,,2022,3,1681.5,14.0,1707.3666666666668,1667.1,1707.3666666666668,1691.685,0.03380875464911626,0.0,1700.9,1542.2,7.34096524739886,7.427441531180325,7.442707501524362,7.438912801720046,7.4188408689539855,7.442707501524362,7.433480352621578,-0.011471270539721523,0.003794699804315904,-0.020071932766060563,0.003794699804315904,-0.005432449098468517,-0.09794755432118585
64225,2022-10-22,762.0,True,True,False,Cross Country,117,8000m,,,,,,,26:48.30,3,M,,2022-10-22,1608.3,M,,2022,4,1542.2,21.0,1666.075,1542.2,1630.2666666666664,1594.8468750000002,0.05707195026315657,0.0,1666.075,1608.3,7.382932999501602,7.34096524739886,7.418225839720711,7.418225839720711,7.34096524739886,7.396498879601925,7.374533007475553,-0.07726059232185101,0.0,-0.07726059232185101,-0.021726960118786387,-0.043692832245158186,-0.0352928402191095
23396,2022-11-12,181.0,True,False,True,Cross Country,117,8000m,,,,,,,26:24.00,3,M,,2022-11-12,1584.0,M,,2022,5,1608.3,21.0,1654.52,1542.2,1610.6666666666667,1629.387875,0.05216340666738974,-0.024961922491115254,1654.52,1584.0,7.367708572374371,7.382932999501602,7.4112662155327875,7.4112662155327875,7.34096524739886,7.384403450946541,7.395959686459386,-0.02833321603118577,0.0,-0.07030096813392728,-0.026862764586246257,-0.015306529073401798,-0.04355764315841615
117,2023-09-08,610.0,True,False,False,Cross Country,117,8000m,M,65.89,61.27,85.0,4.61,0.76,26:32.40,3,M,Sr,2023-09-08,1592.4,M,4.0,2023,6,1584.0,300.0,1642.7666666666667,1542.2,1578.1666666666667,1612.64875,0.050151832065999026,-0.012646348639490277,1642.7666666666667,1592.4,7.372997591126162,7.367708572374371,7.404137091315716,7.404137091315716,7.34096524739886,7.364019114755445,7.385633292477352,-0.03642851894134491,0.0,-0.06317184391685604,-0.04011797656027127,-0.018503798838364283,-0.031139500189554248
2292,2023-09-23,638.0,True,False,False,Cross Country,117,8000m,M,66.92,55.2,66.0,9.22,,27:04.90,3,M,,2023-09-23,1624.9,M,,2023,7,1592.4,15.0,1635.5714285714287,1542.2,1594.8999999999999,1614.7951785714286,0.04743373583316017,-0.013619093370600037,1635.5714285714287,1624.9,7.393201554408731,7.372997591126162,7.399747519868499,7.399747519868499,7.34096524739886,7.374566317328708,7.386963403199885,-0.026749928742336948,0.0,-0.05878227246963874,-0.02518120253979106,-0.012784116668614232,-0.006545965459768155
3,2023-10-06,691.0,True,False,False,Cross Country,117,8000m,M,50.49,47.37,89.0,14.97,3.05,27:03.40,3,M,,2023-10-06,1623.4,M,,2023,8,1624.9,13.0,1634.2375,1542.2,1600.4333333333334,1630.035625,0.04401154493760159,0.012651159944622499,1634.2375,1623.4,7.392277994327076,7.393201554408731,7.398931613695039,7.398931613695039,7.34096524739886,7.378029704892479,7.396357149390194,-0.005730059286308098,0.0,-0.057966366296178684,-0.02090190880255971,-0.002574464304845314,-0.0066536193679631594
5842,2023-10-28,825.0,True,True,False,Cross Country,117,8000m,M,58.87,39.25,48.0,8.05,,26:17.30,3,M,,2023-10-28,1577.3,M,,2023,9,1623.4,22.0,1633.0333333333335,1542.2,1613.5666666666668,1628.6983333333337,0.04125873388703441,0.002311649078402176,1633.0333333333335,1577.3,7.3634698034934285,7.392277994327076,7.398194505091183,7.398194505091183,7.34096524739886,7.3862023286841065,7.395536406267967,-0.0059165107641074854,0.0,-0.05722925769232301,-0.011992176407076727,-0.002658098823216548,-0.03472470159775476
6735,2023-11-11,762.0,True,False,True,Cross Country,117,8000m,M,45.55,26.69,46.0,6.26,,25:34.80,3,M,,2023-11-11,1534.8,M,,2023,10,1577.3,14.0,1627.4600000000003,1542.2,1608.5333333333335,1604.8880000000001,0.04050676540879627,-0.0010292111634080169,1627.4600000000003,1534.8,7.336155358372797,7.3634698034934285,7.3947757962077265,7.3947757962077265,7.34096524739886,7.383078069705473,7.38080925119778,-0.031305992714298014,0.0,-0.053810548808866265,-0.011697726502253758,-0.01396654500994643,-0.05862043783492954
15451,2024-03-22,812.0,False,False,False,Outdoor Track,108,5000m,,,,,,,15:31.46,4,M,,2024-03-22,931.46,M,,2024,1,936.45,41.0,936.45,936.45,936.45,936.45,0.0,0.0,936.45,931.46,6.836753247627414,6.842096130175863,6.842096130175863,6.842096130175863,6.842096130175863,6.842096130175863,6.842096130175863,0.0,0.0,0.0,0.0,0.0,-0.00534288254844828
16796,2024-04-06,936.0,False,False,False,Outdoor Track,108,5000m,,,,,,,15:30.28,4,M,,2024-04-06,930.28,M,,2024,2,931.46,15.0,933.955,931.46,933.955,932.3644375000001,0.003777979493768155,0.0,932.7075,930.28,6.835485616102055,6.836753247627414,6.839428257196635,6.838091646871282,6.836753247627414,6.839428257196635,6.8377237656148315,-0.001338399243867805,0.0013366103253531492,-0.001338399243867805,0.0013366103253531492,-0.00036788125645070835,-0.0026060307692272744
64220,2022-10-22,762.0,True,True,False,Cross Country,108,8000m,,,,,,,26:31.00,4,M,,2022-10-22,1591.0,M,,2022,1,1670.9,35.0,1670.9,1670.9,1670.9,1670.9,0.0,0.0,1670.9,1591.0,7.372118028337787,7.421117682400098,7.421117682400098,7.421117682400098,7.421117682400098,7.421117682400098,7.421117682400098,0.0,0.0,0.0,0.0,0.0,-0.048999654062311215
4,2023-10-06,691.0,True,False,False,Cross Country,108,8000m,M,50.49,47.37,89.0,14.97,3.05,27:13.90,4,M,,2023-10-06,1633.9,M,,2023,2,1591.0,349.0,1630.95,1591.0,1630.95,1605.481875,0.03464105694031341,0.0,1610.975,1633.9,7.398725074036778,7.372118028337787,7.396917946111868,7.384594864744956,7.372118028337787,7.396917946111868,7.381179224147874,-0.012476836407169678,0.012323081366911737,-0.012476836407169678,0.012323081366911737,-0.0034156405970824366,0.01413020929182185
95569,2025-03-01,737.0,True,False,False,Indoor Track,49,3000m,,,,,,,9:12.51,5,M,,2025-03-01,552.51,M,,2025,1,561.9,28.0,561.8999999999999,561.9,561.9,561.8999999999999,0.0,0.0,561.8999999999999,552.51,6.314471532775625,6.3313238981181525,6.3313238981181525,6.3313238981181525,6.3313238981181525,6.3313238981181525,6.3313238981181525,0.0,0.0,0.0,0.0,0.0,-0.016852365342527875
2835,2023-09-30,729.0,False,False,False,Cross Country,49,8000m,M,73.49,62.71,69.0,11.5,,27:04.40,5,M,,2023-09-30,1624.4,M,,2023,1,1669.7,343.0,1669.7000000000003,1669.7,1669.7,1669.7000000000003,0.0,0.0,1669.7000000000003,1624.4,7.392893795812142,7.4203992485549115,7.4203992485549115,7.4203992485549115,7.4203992485549115,7.4203992485549115,7.4203992485549115,0.0,0.0,0.0,0.0,0.0,-0.027505452742769165
5,2023-10-06,691.0,True,False,False,Cross Country,49,8000m,M,50.49,47.37,89.0,14.97,3.05,27:17.40,5,M,,2023-10-06,1637.4,M,,2023,2,1624.4,6.0,1647.05,1624.4,1647.0500000000002,1632.6106250000003,0.019448066050076512,0.0,1635.725,1637.4,7.400864896942348,7.392893795812142,7.406741087943918,7.39984141012396,7.392893795812142,7.406741087943918,7.397935623020089,-0.006947614311817674,0.00689967781995815,-0.006947614311817674,0.00689967781995815,-0.001905787103870793,0.001023486818388264
6110,2023-10-28,727.0,True,True,False,Cross Country,49,8000m,M,44.2,38.44,80.0,11.5,,28:26.44,5,M,,2023-10-28,1706.44,M,,2023,3,1637.4,22.0,1643.8333333333333,1624.4,1643.8333333333333,1639.933125,0.014189495226814855,0.0,1642.225,1706.44,7.442164608045083,7.400864896942348,7.404786191725939,7.403807308639509,7.392893795812142,7.404786191725939,7.402410742547797,-0.002942411697160807,0.0009788830864296827,-0.010913512827366745,0.0009788830864296827,-0.0013965660917119038,0.03835729940557364
6771,2023-11-11,762.0,True,False,True,Cross Country,49,8000m,M,45.55,26.69,46.0,6.26,,26:20.00,5,M,,2023-11-11,1580.0,M,,2023,4,1706.44,14.0,1659.4850000000001,1624.4,1656.08,1686.484125,0.022080109052969674,0.0,1659.4850000000001,1580.0,7.365180126021013,7.442164608045083,7.41426259225205,7.41426259225205,7.392893795812142,7.412208642957098,7.430401241471929,0.027902015793032753,0.0,-0.021368796439907634,-0.002053949294952062,0.016138649219879397,-0.04908246623103718
76625,2024-10-12,787.0,False,False,False,Cross Country,49,8000m,M,52.09,47.73,85.0,5.75,,26:44.30,5,M,,2024-10-12,1604.3,M,,2024,5,1580.0,336.0,1643.5880000000002,1580.0,1641.28,1609.012025,0.028991490122542606,-0.013643930230690422,1643.5880000000002,1604.3,7.38044280335703,7.365180126021013,7.404636935936119,7.404636935936119,7.365180126021013,7.403231704200904,7.3833756205505345,-0.03945680991510603,0.0,-0.03945680991510603,-0.0014052317352151178,-0.02126131538558429,-0.024194132579088645
78838,2024-10-19,665.0,True,True,False,Cross Country,49,8000m,M,52.2,38.75,60.0,4.61,,26:51.00,5,M,,2024-10-19,1611.0,M,,2024,6,1604.3,7.0,1637.04,1580.0,1630.2466666666667,1620.26075,0.027817087849014224,-0.003069564579973632,1637.04,1611.0,7.384610383176974,7.38044280335703,7.400645012014573,7.400645012014573,7.365180126021013,7.396486611595047,7.390342372064399,-0.020202208657543075,0.0,-0.03546488599356046,-0.004158400419526309,-0.010302639950173997,-0.016034628837599207
85153,2024-11-09,414.0,True,False,True,Cross Country,49,8000m,M,54.82,28.83,36.0,4.61,,27:43.20,5,M,,2024-11-09,1663.2,M,,2024,7,1611.0,21.0,1633.32,1580.0,1598.4333333333334,1622.5785,0.026154869356439455,-0.004040849313055631,1633.32,1663.2,7.4164987365438035,7.384610383176974,7.398370032131982,7.398370032131982,7.365180126021013,7.376779261864365,7.391771829534216,-0.013759648955008252,0.0,-0.0331899061109695,-0.021590770267617465,-0.006598202597766445,0.01812870441182124
2288,2023-09-23,638.0,True,False,False,Cross Country,117,8000m,M,66.92,55.2,66.0,9.22,,26:52.60,6,M,,2023-09-23,1612.6,M,,2023,1,1654.2,15.0,1654.2000000000003,1654.2,1654.2,1654.2,0.0,0.0,1654.2000000000003,1612.6,7.3856030622509214,7.411072787257806,7.411072787257806,7.411072787257806,7.411072787257806,7.411072787257806,7.411072787257806,0.0,0.0,0.0,0.0,0.0,-0.025469725006884936
6,2023-10-06,691.0,True,False,False,Cross Country,117,8000m,M,50.49,47.37,89.0,14.97,3.05,27:28.30,6,M,,2023-10-06,1648.3,M,,2023,2,1612.6,13.0,1633.4,1612.6,1633.4,1620.1399999999999,0.01800884173952072,0.0,1623.0,1648.3,7.40749973273731,7.3856030622509214,7.398419010924175,7.392031567514591,7.3856030622509214,7.398419010924175,7.390267844245544,-0.0064285052636696705,0.0063874434095838595,-0.0064285052636696705,0.0063874434095838595,-0.0017637232690468352,0.015468165222719321
5878,2023-10-28,825.0,True,True,False,Cross Country,117,8000m,M,58.87,39.25,48.0,8.05,,27:38.60,6,M,,2023-10-28,1658.6,M,,2023,3,1648.3,22.0,1638.3666666666668,1612.6,1638.3666666666666,1644.38875,0.013738523556145965,0.0,1640.8500000000001,1658.6,7.413729152017103,7.40749973273731,7.401455089586142,7.40296967923391,7.3856030622509214,7.4014550895861415,7.405124013599202,0.004530053503400744,-0.0015145896477672949,-0.017366616982988248,-0.001514589647768183,0.002154334365291888,0.010759472783193225
27412,2024-09-07,610.0,True,False,False,Cross Country,117,8000m,M,59.45,44.22,57.0,10.36,,29:15.20,6,M,,2024-09-07,1755.2,M,,2024,4,1658.6,315.0,1643.425,1612.6,1639.8333333333333,1652.1506249999998,0.012765279194573197,0.0,1643.425,1755.2,7.470338089520966,7.413729152017103,7.404537757745991,7.404537757745991,7.3856030622509214,7.40234988963771,7.409833127285295,0.009191394271112152,0.0,-0.01893469549506932,-0.002187868108280533,0.005295369539304318,0.06580033177497491
69857,2024-09-28,638.0,True,False,False,Cross Country,117,8000m,M,65.19,61.86,89.0,10.36,0.51,27:36.84,6,M,,2024-09-28,1656.84,M,,2024,5,1755.2,21.0,1665.78,1612.6,1687.3666666666668,1714.402125,0.03192893254453743,0.015158064090095931,1665.78,1656.84,7.412667452716061,7.470338089520966,7.4180487611859185,7.4180487611859185,7.3856030622509214,7.430924407279366,7.4468196836592995,0.05228932833504718,0.0,-0.03244569893499705,0.01287564609344738,0.028770922473380978,-0.005381308469857515
82847,2024-10-26,825.0,True,True,False,Cross Country,117,8000m,M,57.22,40.75,54.0,12.66,,31:01.70,6,M,,2024-10-26,1861.7,M,,2024,6,1656.84,28.0,1664.29,1612.6,1690.2133333333331,1660.471875,0.028667673006254415,0.00664547644941687,1664.29,1861.7,7.5292453277778515,7.412667452716061,7.417153885042514,7.417153885042514,7.3856030622509214,7.432610032692054,7.414857103003981,-0.004486432326452849,0.0,-0.03155082279159238,0.015456147649540064,-0.0022967820385328963,0.11209144273533767
85213,2024-11-09,414.0,True,False,True,Cross Country,117,8000m,M,54.82,28.83,36.0,4.61,,28:32.50,6,M,,2024-11-09,1712.5,M,,2024,7,1861.7,14.0,1692.4914285714287,1612.6,1757.9133333333332,1773.9230535714287,0.05104646988923714,0.03152157765728293,1692.4914285714287,1712.5,7.445709570136381,7.5292453277778515,7.433956940414037,7.433956940414037,7.3856030622509214,7.471882778584711,7.48094878739186,0.09528838736381484,0.0,-0.048353878163115205,0.03792583817067463,0.046991846977823215,0.011752629722344032
106499,2025-09-20,610.0,True,False,False,Cross Country,117,8000m,M,73.71,62.91,69.0,1.01,,31:34.30,6,M,,2025-09-20,1894.3,M,,2025,8,1712.5,315.0,1694.9925,1612.6,1743.68,1702.870875,0.04737430830171365,0.00794988768386882,1694.9925,1894.3,7.5466046561342335,7.445709570136381,7.435433595026001,7.435433595026001,7.3856030622509214,7.463753101394733,7.440070855709364,0.010275975110380031,0.0,-0.049830532775079206,0.028319506368732483,0.004637260683363564,0.11117106110823283
110026,2025-10-04,864.0,True,False,False,Cross Country,117,8000m,M,71.49,61.2,70.0,5.75,,29:09.80,6,M,,2025-10-04,1749.8,M,,2025,9,1894.3,14.0,1717.137777777778,1612.6,1822.8333333333333,1796.860777777778,0.0583983266662456,0.020251723798776242,1717.137777777778,1749.8,7.4672567746721645,7.5466046561342335,7.448414100996602,7.448414100996602,7.3856030622509214,7.508147346107171,7.493796408978547,0.09819055513763164,0.0,-0.06281103874568039,0.05973324511056877,0.04538230798194487,0.018842673675562693
92683,2025-02-15,556.0,False,False,False,Indoor Track,117,800m,,,,,,,2:15.38,6,M,,2025-02-15,135.38,M,,2025,1,128.94,21.0,128.94,128.94,128.94,128.94,0.0,0.0,128.94,135.38,4.908085639080461,4.859347179882474,4.859347179882474,4.859347179882474,4.859347179882474,4.859347179882474,4.859347179882474,0.0,0.0,0.0,0.0,0.0,0.04873845919798736
92696,2025-02-15,556.0,False,False,False,Indoor Track,117,Mile,,,,,,,4:58.82,6,M,,2025-02-15,298.82,M,,2025,1,294.72,357.0,294.71999999999997,294.72,294.72,294.72,0.0,0.0,294.72,298.82,5.699841385422939,5.686025753066942,5.686025753066942,5.686025753066942,5.686025753066942,5.686025753066942,5.686025753066942,0.0,0.0,0.0,0.0,0.0,0.013815632355997032
95446,2025-03-01,737.0,True,False,False,Indoor Track,117,Mile,,,,,,,4:58.93,6,M,,2025-03-01,298.93,M,,2025,2,298.82,14.0,296.77,294.72,296.77,298.076875,0.009768971940794768,0.0,297.79499999999996,298.93,5.700209432269419,5.699841385422939,5.692957428017367,5.696405330317152,5.686025753066942,5.692957428017367,5.697351423035575,0.0034360551057872613,-0.0034479022997846442,-0.01037957725020977,-0.0034479022997846442,0.0009460927184230528,0.0038041019522667696
132830,2026-04-16,1119.0,False,False,False,Outdoor Track,1,1500m,M,62.22,57.33,84.0,6.91,0.34,4:15.66,7,M,Sr,2026-04-16,255.66,M,4.0,2026,1,255.08,5.0,255.08,255.08,255.08,255.07999999999998,0.0,0.0,255.08,255.66,5.543848436739876,5.541577221447071,5.541577221447071,5.541577221447071,5.541577221447071,5.541577221447071,5.541577221447071,0.0,0.0,0.0,0.0,0.0,0.002271215292805273
133058,2026-04-24,656.0,False,False,False,Outdoor Track,1,1500m,F,,,,,,4:17.52,7,M,Sr,2026-04-24,257.52,M,4.0,2026,2,255.66,8.0,255.37,255.08,255.37,255.554875,0.0016059910447821736,0.0,255.515,257.52,5.551097386990553,5.543848436739876,5.542713473895698,5.54328111633536,5.541577221447071,5.542713473895698,5.543437161533998,0.00056732040451557,-0.0005676424396625634,-0.0017038948882897031,-0.0005676424396625634,0.00015604519863732236,0.007816270655192525
8563,2024-01-26,594.0,False,False,False,Indoor Track,1,3000m,,,,,,,9:02.68,7,M,,2024-01-26,542.68,M,,2024,1,549.62,6.0,549.62,549.62,549.62,549.62,0.0,0.0,549.62,542.68,6.296519827617108,6.309227130347928,6.309227130347928,6.309227130347928,6.309227130347928,6.309227130347928,6.309227130347928,0.0,0.0,0.0,0.0,0.0,-0.01270730273081977
11206,2024-02-17,734.0,False,False,False,Indoor Track,1,3000m,,,,,,,9:03.10,7,M,,2024-02-17,543.1,M,,2024,2,542.68,22.0,546.1500000000001,542.68,546.15,543.9378750000001,0.008985299022963718,0.0,544.415,543.1,6.2972934650407995,6.296519827617108,6.302893663289552,6.299711823667381,6.296519827617108,6.302893663289552,6.298835039966937,-0.0031919960502726497,0.003181839622171445,-0.0031919960502726497,0.003181839622171445,-0.0008767837004439727,-0.0024183586265813517
13032,2024-02-24,737.0,True,False,False,Indoor Track,1,3000m,,,,,,,9:19.71,7,M,,2024-02-24,559.71,M,,2024,3,543.1,7.0,545.1333333333333,542.68,545.1333333333333,543.900625,0.007138139942477388,0.0,544.625,559.71,6.3274187924520175,6.2972934650407995,6.301030413059767,6.3000974844376065,6.296519827617108,6.301030413059767,6.298766555536547,-0.002804019396807078,0.0009329286221602118,-0.003577656820498376,0.0009329286221602118,-0.0013309289010594583,0.027321308014411017
92222,2025-02-08,28.0,False,False,False,Indoor Track,1,3000m,,,,,,,8:51.12,7,M,Jr,2025-02-08,531.12,M,3.0,2025,4,559.71,350.0,548.7775,542.68,548.4966666666666,555.0636875,0.014488096869261528,0.0,548.7775,531.12,6.274987984410904,6.3274187924520175,6.307693077028938,6.307693077028938,6.296519827617108,6.30718120251663,6.3190828594151505,0.019725715423079215,0.0,-0.011173249411830177,-0.0005118745123082746,0.011389782386212133,-0.032705092618034115
93253,2025-02-22,734.0,False,False,False,Indoor Track,1,3000m,,,,,,,8:49.02,7,M,Jr,2025-02-22,529.02,M,3.0,2025,5,531.12,14.0,545.246,531.12,544.6433333333333,537.5649875,0.01921523691693001,-0.008482409774670517,545.246,529.02,6.271026238326991,6.274987984410904,6.301237068970464,6.301237068970464,6.274987984410904,6.300131146176912,6.287049659669902,-0.02624908455956021,0.0,-0.02624908455956021,-0.001105922793552594,-0.01418740930056206,-0.030210830643473408
118872,2026-01-24,594.0,False,False,False,Indoor Track,1,3000m,,,,,,,9:09.56,7,M,,2026-01-24,549.56,M,,2026,6,529.02,336.0,542.5416666666666,529.02,539.9499999999999,535.6118124999999,0.021152009826244555,-0.006294447431072868,542.5416666666666,549.56,6.309117958055747,6.271026238326991,6.296264887380783,6.296264887380783,6.271026238326991,6.291476542678769,6.28340966827882,-0.025238649053791917,0.0,-0.025238649053791917,-0.004788344702014058,-0.0128552191019633,0.012853070674964329
121503,2026-02-21,734.0,False,False,False,Indoor Track,1,3000m,,,,,,,9:02.49,7,M,,2026-02-21,542.49,M,,2026,7,549.56,28.0,543.5442857142858,529.02,536.5666666666666,546.4393482142857,0.019881727945603465,0.0029712390369032522,543.5442857142858,542.49,6.296169652064998,6.309117958055747,6.298111185696737,6.298111185696737,6.271026238326991,6.285190816544074,6.303423319233064,0.011006772359010597,0.0,-0.02708494736974565,-0.012920369152662481,0.005312133536327757,-0.0019415336317383236
122821,2026-02-28,737.0,True,False,False,Indoor Track,1,3000m,,,,,,,9:13.64,7,M,,2026-02-28,553.64,M,,2026,8,542.49,7.0,543.4124999999999,529.02,540.3566666666667,542.997375,0.01842414053192966,-0.007922158581188337,543.4124999999999,553.64,6.3165146560285015,6.296169652064998,6.297868700040152,6.297868700040152,6.271026238326991,6.292229415355433,6.297104485668107,-0.0016990479751539667,0.0,-0.026842461713161292,-0.0056392846847197475,-0.0007642143720456573,0.018645955988349172
126491,2026-03-20,812.0,False,False,False,Outdoor Track,1,400m,,,,,,,57.27,7,M,Sr,2026-03-20,57.27,M,4.0,2026,1,55.61,62.0,55.60999999999999,55.61,55.61,55.61,0.0,0.0,55.60999999999999,57.27,4.047776926405766,4.018363041199472,4.018363041199472,4.018363041199472,4.018363041199472,4.018363041199472,4.018363041199472,0.0,0.0,0.0,0.0,0.0,0.029413885206293955
2405,2023-09-29,734.0,False,False,False,Cross Country,1,5 Mile,M,67.42,60.69,79.0,4.61,,26:44.90,7,M,So,2023-09-29,1604.9,M,2.0,2023,1,1602.2,14.0,1602.2000000000003,1602.2,1602.2,1602.2000000000003,0.0,0.0,1602.2000000000003,1604.9,7.380816728327111,7.379132963781016,7.379132963781017,7.379132963781017,7.379132963781016,7.379132963781016,7.379132963781017,-8.881784197001252e-16,0.0,-8.881784197001252e-16,-8.881784197001252e-16,0.0,0.0016837645460938688
15480,2024-03-22,812.0,False,False,False,Outdoor Track,1,5000m,,,,,,,15:36.39,7,M,,2024-03-22,936.39,M,,2024,1,972.38,342.0,972.38,972.38,972.38,972.3799999999999,0.0,0.0,972.38,936.39,6.842032056362808,6.879746674562824,6.879746674562824,6.879746674562824,6.879746674562824,6.879746674562824,6.879746674562824,0.0,0.0,0.0,0.0,0.0,-0.03771461820001587
18393,2024-04-06,147.0,True,False,True,Outdoor Track,1,5000m,F,55.06,34.12,45.0,14.97,,15:27.83,7,M,,2024-04-06,927.83,M,,2024,2,936.39,15.0,954.385,936.39,954.385,942.9131875,0.026665101667466207,0.0,945.3875,927.83,6.832848526349754,6.842032056362808,6.861067153979561,6.851594896355077,6.842032056362808,6.861067153979561,6.848974218480519,-0.00956283999226848,0.009472257624484115,-0.00956283999226848,0.009472257624484115,-0.002620677874557664,-0.018746370005322532
20764,2024-04-25,656.0,False,False,False,Outdoor Track,1,5000m,,,,,,,15:20.42,7,M,,2024-04-25,920.42,M,,2024,3,927.83,19.0,945.5333333333333,927.83,945.5333333333333,934.8006875,0.025002353952665844,0.0,941.1075,920.42,6.824830087607872,6.832848526349754,6.851749142192397,6.8470573732305,6.832848526349754,6.851749142192397,6.840333338115866,-0.014208846880745973,0.004691768961897047,-0.014208846880745973,0.004691768961897047,-0.006724035114634042,-0.022227285622628656
77061,2024-10-08,734.0,False,False,False,Cross Country,1,5000m,M,67.6,46.11,46.0,11.5,,16:49.00,7,M,,2024-10-08,1009.0,M,,2024,4,920.42,166.0,939.2550000000001,920.42,928.2133333333333,928.424875,0.02451649718318764,0.0,939.2550000000001,1009.0,6.9167150203536085,6.824830087607872,6.845087007836236,6.845087007836236,6.824830087607872,6.833261591424151,6.8334894674493585,-0.02025692022836445,0.0,-0.02025692022836445,-0.011825416412085232,-0.011597540386877547,0.0716280125173725
89258,2025-01-25,1119.0,False,False,False,Indoor Track,1,5000m,,,,,,,15:44.19,7,M,,2025-01-25,944.19,M,,2025,5,1009.0,109.0,953.2040000000001,920.42,952.4166666666666,983.543075,0.03883861314458086,0.009604449834453067,953.2040000000001,944.19,6.850327417079614,6.9167150203536085,6.859828941606886,6.859828941606886,6.824830087607872,6.859002614109597,6.891161434531438,0.05688607874672247,0.0,-0.03499885399901448,-0.0008263274972888368,0.03133249292455176,-0.009501524527272487
103496,2025-04-05,147.0,True,False,True,Outdoor Track,1,5000m,M,71.49,63.54,76.0,19.69,,16:16.15,7,M,,2025-04-05,976.15,M,,2025,6,944.19,70.0,951.7016666666667,920.42,957.87,947.8519375000001,0.035007350791152886,0.0020489614217340697,951.7016666666667,976.15,6.883616263128811,6.850327417079614,6.858251610328909,6.858251610328909,6.824830087607872,6.8647120693891726,6.85419830598529,-0.007924193249295719,0.0,-0.03342152272103771,0.006460459060263268,-0.0040533043436195015,0.025364652799901855
126495,2026-03-20,812.0,False,False,False,Outdoor Track,1,5000m,,,,,,,16:06.45,7,M,Sr,2026-03-20,966.45,M,4.0,2026,7,976.15,349.0,955.1942857142858,920.42,976.4466666666667,965.2792232142858,0.033277541524937844,0.012646641820063514,955.1942857142858,966.45,6.873629564252761,6.883616263128811,6.8619147603280295,6.8619147603280295,6.824830087607872,6.88392013199637,6.872417409966334,0.021701502800781647,0.0,-0.03708467272015792,0.0220053716683406,0.010502649638304717,0.011714803924731676
24754,2024-08-30,784.0,False,False,False,Cross Country,1,6000m,M,80.28,70.02,71.0,5.75,,20:57.30,7,M,Jr,2024-08-30,1257.3,M,3.0,2024,1,1165.0,364.0,1165.0000000000002,1165.0,1165.0,1165.0,0.0,0.0,1165.0,1257.3,7.136721843599135,7.060476365999801,7.0604763659998016,7.060476365999801,7.060476365999801,7.060476365999801,7.060476365999801,0.0,8.881784197001252e-16,0.0,0.0,0.0,0.07624547759933442
104580,2025-08-29,784.0,False,False,False,Cross Country,1,6000m,M,65.53,51.75,61.0,5.75,,19:57.70,7,M,,2025-08-29,1197.7,M,,2025,2,1257.3,364.0,1211.15,1165.0,1211.15,1240.570625,0.0538875910527308,0.0,1234.225,1197.7,7.088158329953461,7.136721843599135,7.099325600457241,7.1181985217181145,7.060476365999801,7.099325600457241,7.123326734199684,0.01852332188102057,-0.01887292126087381,-0.05772215571831385,-0.01887292126087381,0.00512821248156925,-0.030040191764653557
64271,2022-10-22,762.0,True,True,False,Cross Country,1,8000m,,,,,,,29:19.60,7,M,,2022-10-22,1759.6,M,,2022,1,1595.5,28.0,1595.5,1595.5,1595.5,1595.5,0.0,0.0,1595.5,1759.6,7.472841789474565,7.374942445718299,7.374942445718299,7.374942445718299,7.374942445718299,7.374942445718299,7.374942445718299,0.0,0.0,0.0,0.0,0.0,0.09789934375626608
23420,2022-11-12,181.0,True,False,True,Cross Country,1,8000m,,,,,,,26:57.00,7,M,,2022-11-12,1617.0,M,,2022,2,1759.6,21.0,1677.5500000000002,1595.5,1677.55,1729.856875,0.06917005322804659,0.0,1718.575,1617.0,7.388327859577107,7.472841789474565,7.425089674660954,7.4492507380492405,7.374942445718299,7.425089674660954,7.455793952855536,0.02359105142532414,-0.02416106338828694,-0.07430829233094194,-0.02416106338828694,0.006543214806295161,-0.060922878472133846
126,2023-09-08,610.0,True,False,False,Cross Country,1,8000m,M,65.89,61.27,85.0,4.61,0.76,27:26.90,7,M,So,2023-09-08,1646.9,M,2.0,2023,3,1617.0,300.0,1657.3666666666668,1595.5,1657.3666666666668,1632.894375,0.05381241394836977,0.0,1647.275,1646.9,7.406650011880163,7.388327859577107,7.412985276390968,7.406877686488597,7.374942445718299,7.412985276390968,7.398109409310855,-0.01854982691149054,0.0061075899023705915,-0.031935240770298634,0.0061075899023705915,-0.008768277177741979,-0.00022767460843464704
7,2023-10-06,691.0,True,False,False,Cross Country,1,8000m,M,50.49,47.37,89.0,14.97,3.05,27:32.00,7,M,So,2023-10-06,1652.0,M,2.0,2023,4,1646.9,28.0,1654.75,1595.5,1674.5,1650.23625,0.044120626559032164,0.0,1654.75,1652.0,7.409741954080923,7.406650011880163,7.4114052189990325,7.4114052189990325,7.374942445718299,7.423269892234259,7.4086737384632695,-0.0047552071188698974,0.0,-0.036462773280733884,0.011864673235226775,-0.002731480535762998,-0.0016632649181094195
4163,2023-10-13,502.0,False,False,False,Cross Country,1,8000m,M,61.63,60.48,96.0,3.0,2.03,26:25.30,7,M,So,2023-10-13,1585.3,M,2.0,2023,5,1652.0,7.0,1654.2,1595.5,1638.6333333333332,1653.00375,0.03822951750949116,0.00853887075323419,1654.2,1585.3,7.368528942849182,7.409741954080923,7.411072787257806,7.411072787257806,7.374942445718299,7.401617840069666,7.410349366420991,-0.001330833176883317,0.0,-0.03613034153950778,-0.009454947188140217,-0.0007234208368149808,-0.04254384440862413
5846,2023-10-28,825.0,True,True,False,Cross Country,1,8000m,M,58.87,39.25,48.0,8.05,,26:24.80,7,M,So,2023-10-28,1584.8,M,2.0,2023,6,1585.3,15.0,1642.716666666667,1585.3,1628.0666666666668,1613.290625,0.03845515511025297,-0.026526181224191623,1642.716666666667,1584.8,7.3682134953843414,7.368528942849182,7.404106654393699,7.404106654393699,7.368528942849182,7.395148495765006,7.386031238584738,-0.03557771154451661,0.0,-0.03557771154451661,-0.008958158628693091,-0.018075415808961104,-0.03589315900935741
6737,2023-11-11,762.0,True,False,True,Cross Country,1,8000m,M,45.55,26.69,46.0,6.26,,25:38.20,7,M,So,2023-11-11,1538.2,M,2.0,2023,7,1584.8,14.0,1634.4428571428568,1584.8,1607.3666666666668,1610.552232142857,0.037738822700772306,-0.0049252257213030295,1634.4428571428568,1538.2,7.338368180622953,7.3682134953843414,7.399057265102145,7.399057265102145,7.3682134953843414,7.382352508140841,7.384332400497967,-0.030843769717803227,0.0,-0.030843769717803227,-0.016704756961303246,-0.014724864604177768,-0.060689084479191635
66922,2024-09-20,734.0,False,False,False,Cross Country,1,8000m,M,77.11,69.73,78.0,5.75,4.99,26:25.30,7,M,Jr,2024-09-20,1585.3,M,3.0,2024,8,1538.2,314.0,1622.4125000000001,1538.2,1569.4333333333334,1584.5168750000003,0.040973165214515564,-0.016749747675144273,1622.4125000000001,1585.3,7.368528942849182,7.338368180622953,7.391669518002292,7.391669518002292,7.338368180622953,7.358469899007344,7.368034829121598,-0.05330133737933895,0.0,-0.05330133737933895,-0.03319961899494839,-0.0236346888806942,-0.023140575153109744
69841,2024-09-28,638.0,True,False,False,Cross Country,1,8000m,M,65.19,61.86,89.0,10.36,0.51,27:00.43,7,M,Jr,2024-09-28,1620.43,M,3.0,2024,9,1585.3,8.0,1618.288888888889,1538.2,1569.4333333333334,1603.443888888889,0.03917757831102536,-0.01030409348694781,1618.288888888889,1620.43,7.390446825104328,7.368528942849182,7.389124628583734,7.389124628583734,7.338368180622953,7.358469899007344,7.379909025623463,-0.02059568573455195,0.0,-0.05075644796078116,-0.030654729576390594,-0.00921560296027124,0.0013221965205936215
71872,2024-10-04,692.0,False,False,False,Cross Country,1,8000m,M,65.25,52.34,63.0,8.05,,25:58.60,7,M,Jr,2024-10-04,1558.6,M,3.0,2024,10,1620.43,6.0,1618.5030000000002,1538.2,1581.3100000000002,1619.3701500000002,0.03693445789156488,0.005426310609248192,1618.5030000000002,1558.6,7.351543261409461,7.390446825104328,7.3892569269327,7.3892569269327,7.338368180622953,7.366008896419982,7.389792556329257,0.0011898981716278456,0.0,-0.050888746309746935,-0.023248030512718287,0.0005356293965572689,-0.03771366552323929
73108,2024-10-05,691.0,True,False,False,Cross Country,1,8000m,M,68.81,56.57,65.0,5.99,,25:12.30,7,M,,2024-10-05,1512.3,M,,2024,11,1558.6,1.0,1613.057272727273,1538.2,1588.11,1588.5515,0.03689736802791435,-0.004060612174622674,1613.057272727273,1512.3,7.321386949756695,7.351543261409461,7.385886584455343,7.385886584455343,7.338368180622953,7.370299908929469,7.370577873706543,-0.03434332304588228,0.0,-0.04751840383238992,-0.015586675525874227,-0.015308710748800358,-0.06449963469864795
80194,2024-10-18,691.0,False,False,False,Cross Country,1,8000m,M,68.95,32.68,26.0,4.32,,26:39.60,7,M,Jr,2024-10-18,1599.6,M,3.0,2024,12,1512.3,13.0,1604.6608333333334,1512.3,1563.7766666666666,1563.0984583333334,0.03973901596398517,-0.004035120609599239,1604.6608333333334,1599.6,7.377508876972663,7.321386949756695,7.380667694437722,7.380667694437722,7.321386949756695,7.354859114659967,7.354425321613007,-0.059280744681027286,0.0,-0.059280744681027286,-0.025808579777755192,-0.026242372824714977,-0.003158817465059194
82751,2024-10-26,825.0,True,True,False,Cross Country,1,8000m,M,57.22,40.75,54.0,12.66,,26:34.30,7,M,,2024-10-26,1594.3,M,,2024,13,1599.6,8.0,1604.2715384615383,1512.3,1556.8333333333333,1602.1693461538462,0.038066499806691356,0.002228425746073097,1604.2715384615383,1594.3,7.37419004741332,7.377508876972663,7.380425062416477,7.380425062416477,7.321386949756695,7.350409122644794,7.3791138312511215,-0.002916185443814001,0.0,-0.059038112659782094,-0.030015939771683264,-0.0013112311653555864,-0.006235015003157152
85129,2024-11-09,414.0,True,False,True,Cross Country,1,8000m,M,54.82,28.83,36.0,4.61,,27:18.20,7,M,,2024-11-09,1638.2,M,,2024,14,1594.3,14.0,1603.5592857142856,1512.3,1568.7333333333333,1599.392607142857,0.0366270786854059,-0.004073750224389244,1603.5592857142856,1638.2,7.4013533570815015,7.37419004741332,7.379980991143397,7.379980991143397,7.321386949756695,7.358023778653671,7.377379215618042,-0.00579094373007738,0.0,-0.05859404138670232,-0.021957212489726707,-0.002601775525355343,0.02137236593810421
105458,2025-09-19,734.0,False,False,False,Cross Country,1,8000m,M,89.01,60.85,39.0,8.05,,26:21.00,7,M,,2025-09-19,1581.0,M,,2025,15,1638.2,314.0,1605.8686666666665,1512.3,1610.7,1620.4177666666667,0.035681361247740254,0.012392047004258984,1605.8686666666665,1581.0,7.365812837209472,7.4013533570815015,7.381420114491995,7.381420114491995,7.321386949756695,7.384424146096634,7.390439275639364,0.019933242589506683,0.0,-0.06003316473529985,0.0030040316046386906,0.009019161147369559,-0.015607277282522425
108181,2025-09-27,734.0,True,False,False,Cross Country,1,8000m,M,81.3,62.55,53.0,8.05,,27:15.24,7,M,,2025-09-27,1635.24,M,,2025,16,1581.0,8.0,1604.314375,1512.3,1604.5,1593.82290625,0.03472180305700408,0.01070550776558367,1604.314375,1635.24,7.39954486154973,7.365812837209472,7.380451763611096,7.380451763611096,7.321386949756695,7.380567460549911,7.3738907529585,-0.014638926401623564,0.0,-0.05906481385440099,0.00011569693881519072,-0.0065610106525957335,0.019093097938633896
109798,2025-10-03,734.0,False,False,False,Cross Country,1,8000m,M,74.44,61.48,64.0,5.75,,25:52.80,7,M,Sr,2025-10-03,1552.8,M,4.0,2025,17,1635.24,6.0,1606.1335294117648,1512.3,1618.1466666666665,1619.2314411764708,0.03390432070844422,0.005547483964962272,1606.1335294117648,1552.8,7.3478150318548,7.39954486154973,7.381585035142437,7.381585035142437,7.321386949756695,7.38903674039942,7.3897068966272474,0.0179598264072931,0.0,-0.060198085385741784,0.007451705256983132,0.008121861484810644,-0.03377000328763646
114544,2025-10-25,825.0,True,True,False,Cross Country,1,8000m,M,49.6,37.94,64.0,4.61,,26:36.60,7,M,,2025-10-25,1596.6,M,,2025,18,1552.8,22.0,1603.1705555555554,1512.3,1589.68,1580.5038055555556,0.03387289240475828,-0.006471550992529734,1603.1705555555554,1596.6,7.375631647211699,7.3478150318548,7.379738544676202,7.379738544676202,7.321386949756695,7.3712880170975605,7.365498939470272,-0.03192351282140127,0.0,-0.05835159491950659,-0.008450527578641065,-0.014239605205929706,-0.004106897464502879
114825,2025-11-08,414.0,True,False,True,Cross Country,1,8000m,M,64.47,48.45,56.0,9.22,,28:40.90,7,M,,2025-11-08,1720.9,M,,2025,19,1596.6,14.0,1602.8247368421053,1512.3,1594.8799999999999,1600.023605263158,0.03293906516955872,-0.006488544730405257,1602.8247368421053,1720.9,7.450602688770865,7.375631647211699,7.379522812160554,7.379522812160554,7.321386949756695,7.3745537772789245,7.377773661408518,-0.003891164948854886,0.0,-0.058135862403858596,-0.004969034881629142,-0.0017491507520359661,0.07107987661031157
88085,2024-12-06,734.0,False,False,False,Indoor Track,1,800m,,,,,,,2:02.68,7,M,Jr,2024-12-06,122.68,M,3.0,2024,1,127.13,259.0,127.13,127.13,127.13,127.13,0.0,0.0,127.13,122.68,4.809579339246051,4.845210184962031,4.845210184962031,4.845210184962031,4.845210184962031,4.845210184962031,4.845210184962031,0.0,0.0,0.0,0.0,0.0,-0.035630845715980186
13031,2024-02-24,737.0,True,False,False,Indoor Track,1,Mile,,,,,,,4:50.99,7,M,,2024-02-24,290.99,M,,2024,1,277.33,85.0,277.3299999999999,277.33,277.33,277.3299999999999,0.0,0.0,277.33,290.99,5.673288902319859,5.625208132850098,5.625208132850098,5.625208132850098,5.625208132850098,5.625208132850098,5.625208132850098,0.0,0.0,0.0,0.0,0.0,0.048080769469761364
89003,2025-01-18,656.0,False,False,False,Indoor Track,1,Mile,,,,,,,4:33.99,7,M,Jr,2025-01-18,273.99,M,3.0,2025,2,290.99,329.0,284.15999999999997,277.33,284.15999999999997,288.514125,0.03399169000214584,0.0,287.575,273.99,5.613091609371697,5.673288902319859,5.649537459803805,5.661483695782074,5.625208132850098,5.649537459803805,5.664744044888294,0.01180520653778494,-0.011946235978268938,-0.036275562931976424,-0.011946235978268938,0.003260349106219529,-0.04839208641037729
95354,2025-03-01,737.0,True,False,False,Indoor Track,1,Mile,,,,,,,4:33.10,7,M,,2025-03-01,273.1,M,,2025,3,273.99,42.0,280.77000000000004,273.99,280.77,276.659625,0.03207947027768498,0.0,279.07500000000005,273.1,5.609838028479659,5.613091609371697,5.637535828837275,5.631480562900796,5.613091609371697,5.637535828837275,5.622787959991403,-0.018388953529099084,0.006055265936478982,-0.018388953529099084,0.006055265936478982,-0.008692602909393443,-0.021642534421136617
118690,2026-01-17,656.0,False,False,False,Indoor Track,1,Mile,,,,,,,4:39.23,7,M,,2026-01-17,279.23,M,,2026,4,273.1,322.0,278.8525,273.1,279.36,275.54481250000003,0.029743378354983748,0.0,278.8525,279.23,5.632035814972629,5.609838028479659,5.630682968188955,5.630682968188955,5.609838028479659,5.632501272651237,5.618750274167638,-0.020844939709295573,0.0,-0.020844939709295573,0.0018183044622821498,-0.011932694021316692,0.0013528467836740887
11204,2024-02-17,734.0,False,False,False,Indoor Track,1,3000m,,,,,,,9:02.59,8,M,,2024-02-17,542.59,M,,2024,1,542.42,28.0,542.42,542.42,542.42,542.42,0.0,0.0,542.42,542.59,6.296353970272472,6.29604060910273,6.29604060910273,6.29604060910273,6.29604060910273,6.29604060910273,6.29604060910273,0.0,0.0,0.0,0.0,0.0,0.0003133611697423433
13030,2024-02-24,737.0,True,False,False,Indoor Track,1,3000m,,,,,,,8:59.39,8,M,,2024-02-24,539.39,M,,2024,2,542.59,7.0,542.5050000000001,542.42,542.505,542.5591875,0.00022157980461704176,0.0,542.5475000000001,539.39,6.29043887141624,6.296353970272472,6.296197301962004,6.2962756391853585,6.29604060910273,6.296197301962004,6.29629718084598,7.833108711352565e-05,-7.833722335437443e-05,-0.00023503008262881764,-7.833722335437443e-05,2.1541660621515746e-05,-0.0058367677691189
89256,2025-01-25,1119.0,False,False,False,Indoor Track,1,3000m,,,,,,,9:13.01,8,M,,2025-01-25,553.01,M,,2025,3,539.39,336.0,541.4666666666666,539.39,541.4666666666667,540.2076875,0.0033251421692343823,0.0,540.9474999999999,553.01,6.315376084541477,6.29043887141624,6.294281507144033,6.293322231623689,6.29043887141624,6.294281507144033,6.291953672097687,-0.0028833602074493925,0.0009592755203442493,-0.0028833602074493925,0.0009592755203442493,-0.001368559526001789,0.02205385291778761
93254,2025-02-22,734.0,False,False,False,Indoor Track,1,3000m,,,,,,,9:07.88,8,M,So,2025-02-22,547.88,M,2.0,2025,4,553.01,28.0,544.3525,539.39,544.9966666666668,549.3305624999999,0.010941329950717404,0.0,544.3525,547.88,6.306056284866621,6.315376084541477,6.299597014950058,6.299597014950058,6.29043887141624,6.300779678436589,6.3087003777958675,0.01577906959141817,0.0,-0.00915814353381883,0.0011826634865306218,0.009103362845809038,0.006459269916562427
95562,2025-03-01,737.0,True,False,False,Indoor Track,1,3000m,,,,,,,9:06.11,8,M,,2025-03-01,546.11,M,,2025,5,547.88,7.0,545.058,539.39,546.7599999999999,546.5924625,0.00989591120017063,0.002504320641106101,545.058,546.11,6.302820420654982,6.306056284866621,6.300892211019171,6.300892211019171,6.29043887141624,6.304009949284452,6.30370348360745,0.005164073847449657,0.0,-0.0104533396029316,0.003117738265280501,0.002811272588278513,0.0019282096358104184
2407,2023-09-29,734.0,False,False,False,Cross Country,1,5 Mile,M,67.42,60.69,79.0,4.61,,27:13.20,8,M,,2023-09-29,1633.2,M,,2023,1,1627.9,14.0,1627.9000000000003,1627.9,1627.9,1627.9,0.0,0.0,1627.9000000000003,1633.2,7.398296559445421,7.395046119614464,7.395046119614465,7.395046119614465,7.395046119614464,7.395046119614464,7.395046119614464,-8.881784197001252e-16,0.0,-8.881784197001252e-16,-8.881784197001252e-16,-8.881784197001252e-16,0.0032504398309560756
15478,2024-03-22,812.0,False,False,False,Outdoor Track,1,5000m,,,,,,,15:37.16,8,M,,2024-03-22,937.16,M,,2024,1,955.11,55.0,955.11,955.11,955.11,955.11,0.0,0.0,955.11,937.16,6.842854025398439,6.861826517093723,6.861826517093723,6.861826517093723,6.861826517093723,6.861826517093723,6.861826517093723,0.0,0.0,0.0,0.0,0.0,-0.018972491695284255
18399,2024-04-06,147.0,True,False,True,Outdoor Track,1,5000m,F,55.06,34.12,45.0,14.97,,15:31.32,8,M,,2024-04-06,931.32,M,,2024,2,937.16,15.0,946.135,937.16,946.135,940.4134375,0.013415175130707483,0.0,941.6475,931.32,6.836602934654048,6.842854025398439,6.852385265001405,6.847631000722986,6.842854025398439,6.852385265001405,6.8463196056961095,-0.004776975324547017,0.004754264278418852,-0.004776975324547017,0.004754264278418852,-0.001311395026876383,-0.011028066068938358
77060,2024-10-08,734.0,False,False,False,Cross Country,1,5000m,M,67.6,46.11,46.0,11.5,,16:24.00,8,M,,2024-10-08,984.0,M,,2024,3,931.32,185.0,941.1966666666667,931.32,941.1966666666667,935.2089375,0.013172662152794602,0.0,938.7275000000001,984.0,6.891625897052253,6.836602934654048,6.847152115268809,6.844525234748496,6.836602934654048,6.847152115268809,6.840769966891491,-0.007922300094448609,0.002626880520312902,-0.007922300094448609,0.002626880520312902,-0.0037552678570049736,0.04710066230375709
92190,2025-02-08,656.0,False,False,False,Indoor Track,1,5000m,,,,,,,15:17.37,8,M,,2025-02-08,917.37,M,,2025,4,984.0,123.0,951.8975,931.32,950.8266666666667,970.3564375000001,0.024871384206522625,0.0,951.8975,917.37,6.8215108805165405,6.891625897052253,6.858457360927516,6.858457360927516,6.836602934654048,6.857331781650027,6.877663465340251,0.03316853612473736,0.0,-0.02185442627346834,-0.0011255792774891304,0.01920610441273496,-0.03694648041097537
103485,2025-04-05,147.0,True,False,True,Outdoor Track,1,5000m,M,71.49,63.54,76.0,19.69,,16:02.65,8,M,,2025-04-05,962.65,M,,2025,5,917.37,56.0,944.992,917.37,944.23,929.9725375,0.02716137088586839,-0.009984211506552439,944.992,962.65,6.869689898175345,6.8215108805165405,6.851176461849444,6.851176461849444,6.8215108805165405,6.8503697805369015,6.835155056141403,-0.0296655813329032,0.0,-0.0296655813329032,-0.0008066813125422456,-0.01602140570804078,0.01851343632590119
5841,2023-10-28,825.0,True,True,False,Cross Country,1,8000m,M,58.87,39.25,48.0,8.05,,26:09.30,8,M,,2023-10-28,1569.3,M,,2023,1,1654.7,22.0,1654.7,1654.7,1654.7,1654.7000000000003,0.0,0.0,1654.7,1569.3,7.358384939044675,7.411375002497799,7.411375002497799,7.411375002497799,7.411375002497799,7.411375002497799,7.411375002497799,0.0,0.0,0.0,0.0,0.0,-0.05299006345312396
6754,2023-11-11,762.0,True,False,True,Cross Country,1,8000m,M,45.55,26.69,46.0,6.26,,25:57.90,8,M,,2023-11-11,1557.9,M,,2023,2,1569.3,14.0,1611.9999999999998,1569.3,1612.0,1584.77875,0.03746086793631961,0.0,1590.6499999999999,1557.9,7.351094039518383,7.358384939044675,7.385230923066573,7.371898016707713,7.358384939044675,7.385230923066573,7.368200086662441,-0.013513077663038331,0.013332906358860086,-0.013513077663038331,0.013332906358860086,-0.003697930045272635,-0.020803977189330247
66923,2024-09-20,734.0,False,False,False,Cross Country,1,8000m,M,77.11,69.73,78.0,5.75,4.99,26:47.60,8,M,So,2024-09-20,1607.6,M,2.0,2024,3,1557.9,314.0,1593.9666666666665,1557.9,1593.9666666666665,1572.10125,0.03319051099192027,0.0,1584.9499999999998,1607.6,7.382497662575046,7.351094039518383,7.373980947379102,7.368308140072479,7.351094039518383,7.373980947379102,7.3601683793119665,-0.01721410055409578,0.005672807306623007,-0.01721410055409578,0.005672807306623007,-0.00813976076051226,0.014189522502567442
69830,2024-09-28,638.0,True,False,False,Cross Country,1,8000m,M,65.19,61.86,89.0,10.36,0.51,26:31.21,8,M,So,2024-09-28,1591.21,M,2.0,2024,4,1607.6,8.0,1597.375,1557.9,1578.2666666666667,1603.254375,0.02737675763845414,0.0,1597.375,1591.21,7.372250012085122,7.382497662575046,7.376116935928867,7.376116935928867,7.351094039518383,7.364082477411629,7.379790826857309,0.006380726646178836,0.0,-0.025022896410484385,-0.012034458517238278,0.0036738909284412813,-0.003866923843744985
71873,2024-10-04,692.0,False,False,False,Cross Country,1,8000m,M,65.25,52.34,63.0,8.05,,26:05.50,8,M,So,2024-10-04,1565.5,M,2.0,2024,5,1591.21,6.0,1596.1419999999998,1557.9,1585.57,1593.460225,0.023790073969785212,-0.009944290670880162,1596.1419999999998,1565.5,7.3559605407664606,7.372250012085122,7.3753447464830195,7.3753447464830195,7.351094039518383,7.36869924311419,7.373663172767705,-0.003094734397897092,0.0,-0.024250706964636493,-0.006645503368829964,-0.0016815737153148547,-0.019384205716558967
85179,2024-11-09,414.0,True,False,True,Cross Country,1,8000m,M,54.82,28.83,36.0,4.61,,28:05.20,8,M,,2024-11-09,1685.2,M,,2024,6,1565.5,36.0,1591.0349999999999,1557.9,1588.1033333333332,1577.9483125,0.022748728769612325,-0.0005970956012909765,1591.0349999999999,1685.2,7.429639530104861,7.3559605407664606,7.372140026838747,7.372140026838747,7.351094039518383,7.370295711058629,7.363880745799652,-0.016179486072286586,0.0,-0.021045987320364112,-0.001844315780117789,-0.008259281039094901,0.05749950326611408
108176,2025-09-27,734.0,True,False,False,Cross Country,1,8000m,M,81.3,62.55,53.0,8.05,,26:30.89,8,M,,2025-09-27,1590.89,M,,2025,7,1685.2,322.0,1604.4871428571428,1557.9,1613.97,1643.3302053571429,0.030267177460187367,0.019834998455225118,1604.4871428571428,1590.89,7.372048887041235,7.429639530104861,7.380559447340581,7.380559447340581,7.351094039518383,7.386452261296553,7.404480074933027,0.049080082764279886,0.0,-0.02946540782219831,0.005892813955971299,0.023920627592445953,-0.008510560299346714
109799,2025-10-03,734.0,False,False,False,Cross Country,1,8000m,M,74.44,61.48,64.0,5.75,,26:34.90,8,M,Jr,2025-10-03,1594.9,M,3.0,2025,8,1590.89,6.0,1602.7875000000001,1557.9,1613.8633333333335,1597.4336250000001,0.028211569273082857,-0.0026063966683044083,1602.7875000000001,1594.9,7.374566317328709,7.372048887041235,7.379499579879569,7.379499579879569,7.351094039518383,7.386386169490879,7.376153636092719,-0.0074506928383346605,0.0,-0.028405540361186254,0.006886589611309724,-0.0033459437868499364,-0.004933262550860462
114556,2025-10-25,825.0,True,True,False,Cross Country,1,8000m,M,49.6,37.94,64.0,4.61,,27:03.90,8,M,,2025-10-25,1623.9,M,,2025,9,1594.9,22.0,1601.9111111111113,1557.9,1623.6633333333332,1598.7561111111113,0.026454905506202088,0.0005758746497239493,1601.9111111111113,1623.9,7.392585942471042,7.374566317328709,7.3789526398910805,7.3789526398910805,7.351094039518383,7.392440192169789,7.376981175316465,-0.004386322562371703,0.0,-0.027858600372697495,0.01348755227870857,-0.001971464574615389,0.013633302579961537
114823,2025-11-08,414.0,True,False,True,Cross Country,1,8000m,M,64.47,48.45,56.0,9.22,,28:39.00,8,M,,2025-11-08,1719.0,M,,2025,10,1623.9,14.0,1604.11,1557.9,1603.2300000000002,1613.0155,0.025282122453103312,0.009101620213077671,1604.11,1719.0,7.449498005382849,7.392585942471042,7.380324364628674,7.380324364628674,7.351094039518383,7.379775623290318,7.385860687502473,0.012261577842368254,0.0,-0.029230325110290778,-0.000548741338355363,0.0055363228737990156,0.0691736407541752
89004,2025-01-18,656.0,False,False,False,Indoor Track,1,Mile,,,,,,,4:36.46,8,M,So,2025-01-18,276.46,M,2.0,2025,1,288.17,329.0,288.17,288.17,288.17,288.17,0.0,0.0,288.17,276.46,5.622066145036211,5.663550583768322,5.663550583768322,5.663550583768322,5.663550583768322,5.663550583768322,5.663550583768322,0.0,0.0,0.0,0.0,0.0,-0.041484438732111606
2406,2023-09-29,734.0,False,False,False,Cross Country,1,5 Mile,M,67.42,60.69,79.0,4.61,,27:12.00,9,M,,2023-09-29,1632.0,M,,2023,1,1653.0,14.0,1653.0,1653.0,1653.0,1653.0,0.0,0.0,1653.0,1632.0,7.397561535524052,7.410347097821024,7.410347097821024,7.410347097821024,7.410347097821024,7.410347097821024,7.410347097821024,0.0,0.0,0.0,0.0,0.0,-0.012785562296971698
64226,2022-10-22,762.0,True,True,False,Cross Country,1,8000m,,,,,,,26:50.10,9,M,,2022-10-22,1610.1,M,,2022,1,1585.4,28.0,1585.4,1585.4,1585.4,1585.4,0.0,0.0,1585.4,1610.1,7.384051567850893,7.368592020403056,7.368592020403056,7.368592020403056,7.368592020403056,7.368592020403056,7.368592020403056,0.0,0.0,0.0,0.0,0.0,0.015459547447837174
23440,2022-11-12,181.0,True,False,True,Cross Country,1,8000m,,,,,,,27:24.00,9,M,,2022-11-12,1644.0,M,,2022,2,1610.1,21.0,1597.75,1585.4,1597.75,1605.6231249999998,0.01093133312176848,0.0,1603.925,1644.0,7.404887575616125,7.384051567850893,7.376351668530392,7.380209029228527,7.368592020403056,7.376351668530392,7.381267200093906,0.003842538622365943,-0.003857360698135359,-0.011617008825471231,-0.003857360698135359,0.0010581708653791821,0.024678546387598033
137,2023-09-08,610.0,True,False,False,Cross Country,1,8000m,M,65.89,61.27,85.0,4.61,0.76,27:54.50,9,M,,2023-09-08,1674.5,M,,2023,3,1644.0,300.0,1613.1666666666667,1585.4,1613.1666666666667,1631.859375,0.01823749426600223,0.0,1620.875,1674.5,7.423269892234259,7.404887575616125,7.385954399921034,7.390721405869049,7.368592020403056,7.385954399921034,7.397475364532028,0.014166169747076296,-0.004767005948014713,-0.022129385465992968,-0.004767005948014713,0.006753958662979009,0.03254848636521057
9,2023-10-06,691.0,True,False,False,Cross Country,1,8000m,M,50.49,47.37,89.0,14.97,3.05,27:36.10,9,M,,2023-10-06,1656.1,M,,2023,4,1674.5,28.0,1628.5,1585.4,1642.8666666666668,1654.95,0.023920638677117224,0.0,1628.5,1656.1,7.412220719595445,7.423269892234259,7.395414624716288,7.395414624716288,7.368592020403056,7.404197962380675,7.411526075874424,0.027855267517971072,0.0,-0.026822604313232468,0.008783337664386437,0.01611145115813617,0.016806094879156852
6838,2023-11-11,762.0,True,False,True,Cross Country,1,8000m,M,45.55,26.69,46.0,6.26,,27:16.80,9,M,,2023-11-11,1636.8,M,,2023,5,1656.1,36.0,1634.02,1585.4,1658.2,1646.0259999999998,0.021984389049624933,0.01081688106632719,1634.02,1636.8,7.400498395197362,7.412220719595445,7.398798515247122,7.398798515247122,7.368592020403056,7.413487955682118,7.406119176981035,0.013422204348323419,0.0,-0.0302064948440659,0.014689440434996648,0.007320661733912992,0.001699879950240124
66925,2024-09-20,734.0,False,False,False,Cross Country,1,8000m,M,77.11,69.73,78.0,5.75,4.99,27:45.50,9,M,Jr,2024-09-20,1665.5,M,3.0,2024,6,1636.8,314.0,1634.4833333333333,1585.4,1655.8,1635.670625,0.019670120855789487,0.004083859323537516,1634.4833333333333,1665.5,7.417880657633734,7.400498395197362,7.399082029314072,7.399082029314072,7.368592020403056,7.412039554704705,7.399808167431093,0.0014163658832897497,0.0,-0.030490008911016275,0.012957525390633329,0.0007261381170211578,0.01879862831966239
105460,2025-09-19,734.0,False,False,False,Cross Country,1,8000m,M,89.01,60.85,39.0,8.05,,27:30.10,9,M,,2025-09-19,1650.1,M,,2025,7,1665.5,364.0,1638.9142857142856,1585.4,1652.8,1651.7086607142855,0.019283484392845086,0.003279610194902549,1638.9142857142856,1650.1,7.4085911711187595,7.417880657633734,7.401789280679718,7.401789280679718,7.368592020403056,7.410226098365374,7.409565583028637,0.016091376954016745,0.0,-0.03319726027666192,0.008436817685656628,0.0077763023489190175,0.006801890439041891
109801,2025-10-03,734.0,False,False,False,Cross Country,1,8000m,M,74.44,61.48,64.0,5.75,,26:47.80,9,M,Sr,2025-10-03,1607.8,M,4.0,2025,8,1650.1,14.0,1640.3125,1585.4,1650.8,1644.716875,0.018000016265338124,-0.003718803581634611,1640.3125,1607.8,7.38262206389386,7.4085911711187595,7.402642051446619,7.402642051446619,7.368592020403056,7.409015297878427,7.405323535924417,0.005949119672140846,0.0,-0.03405003104356297,0.006373246431808255,0.002681484477798257,-0.020019987552758245
16795,2024-04-06,936.0,False,False,False,Outdoor Track,108,1500m,,,,,,,4:14.73,10,M,,2024-04-06,254.73,M,,2024,1,258.42,15.0,258.41999999999996,258.42,258.42,258.42,0.0,0.0,258.41999999999996,254.73,5.540204160679382,5.554586168294074,5.554586168294074,5.554586168294074,5.554586168294074,5.554586168294074,5.554586168294074,0.0,0.0,0.0,0.0,0.0,-0.014382007614692327
10,2023-10-06,691.0,True,False,False,Cross Country,108,8000m,M,50.49,47.37,89.0,14.97,3.05,27:45.30,10,M,,2023-10-06,1665.3,M,,2023,1,1641.6,6.0,1641.5999999999997,1641.6,1641.6,1641.6,0.0,0.0,1641.5999999999997,1665.3,7.417760566364225,7.4034266549764505,7.4034266549764505,7.4034266549764505,7.4034266549764505,7.4034266549764505,7.4034266549764505,0.0,0.0,0.0,0.0,0.0,0.014333911387774734
7109,2023-11-11,762.0,True,False,True,Cross Country,108,8000m,M,45.55,26.69,46.0,6.26,,27:18.94,10,M,,2023-11-11,1638.94,M,,2023,2,1665.3,36.0,1653.45,1641.6,1653.4499999999998,1661.004375,0.010135432407459188,0.0,1659.375,1638.94,7.401804970386138,7.417760566364225,7.410619293077434,7.414196304430304,7.4034266549764505,7.410619293077434,7.415177743565274,0.003564261933921564,-0.0035770113528696967,-0.01076964945385317,-0.0035770113528696967,0.0009814391349705076,-0.012391334044165703
27386,2024-09-07,610.0,True,False,False,Cross Country,108,8000m,M,59.45,44.22,57.0,10.36,,26:56.10,10,M,,2024-09-07,1616.1,M,,2024,3,1638.94,301.0,1648.6133333333335,1638.94,1648.6133333333335,1642.7488750000002,0.008802640944934931,0.0,1646.1950000000002,1616.1,7.387771118354598,7.401804970386138,7.407689809516769,7.406221843235912,7.401804970386138,7.407689809516769,7.404126260950472,-0.0044168728497737675,0.0014679662808569915,-0.0044168728497737675,0.0014679662808569915,-0.002095582285440045,-0.018450724881313718
72619,2024-10-04,500.0,False,False,False,Cross Country,108,8000m,M,79.07,51.31,38.0,4.23,,26:58.08,10,M,,2024-10-04,1618.08,M,,2024,4,1616.1,27.0,1640.485,1616.1,1640.1133333333335,1626.4636249999999,0.01226264314029246,0.0,1640.485,1618.08,7.38899554015386,7.387771118354598,7.402747208805559,7.402747208805559,7.387771118354598,7.402520624121613,7.394163381691611,-0.014976090450961266,0.0,-0.014976090450961266,-0.00022658468394620712,-0.008583827113948672,-0.013751668651699411
82768,2024-10-26,825.0,True,True,False,Cross Country,108,8000m,M,57.22,40.75,54.0,12.66,,27:36.20,10,M,,2024-10-26,1656.2,M,,2024,5,1618.08,22.0,1636.004,1616.1,1624.3733333333332,1626.257825,0.012284474603631329,-0.0035941232417524625,1636.004,1656.2,7.4122811005996,7.38899554015386,7.400011962147478,7.400011962147478,7.387771118354598,7.3928773793595735,7.394036841498459,-0.011016421993618408,0.0,-0.012240843792880263,-0.007134582787904797,-0.005975120649019061,0.01226913845212163
95351,2025-03-01,737.0,True,False,False,Indoor Track,108,Mile,,,,,,,4:31.20,10,M,,2025-03-01,271.2,M,,2025,1,276.31,371.0,276.31,276.31,276.31,276.31,0.0,0.0,276.31,271.2,5.60285655606624,5.621523423818773,5.621523423818773,5.621523423818773,5.621523423818773,5.621523423818773,5.621523423818773,0.0,0.0,0.0,0.0,0.0,-0.018666867752532568
69866,2024-09-28,638.0,True,False,False,Cross Country,127,8000m,M,65.19,61.86,89.0,10.36,0.51,27:57.86,11,M,,2024-09-28,1677.86,M,,2024,1,1685.5,358.0,1685.4999999999998,1685.5,1685.5,1685.5,0.0,0.0,1685.5,1677.86,7.425274450888527,7.4298175346741155,7.4298175346741155,7.4298175346741155,7.4298175346741155,7.4298175346741155,7.4298175346741155,0.0,0.0,0.0,0.0,0.0,-0.004543083785588209
8293,2024-01-20,859.0,False,False,False,Indoor Track,127,Mile,,,,,,,4:36.52,11,M,,2024-01-20,276.52,M,,2024,1,275.65999999999997,43.0,275.65999999999997,275.65999999999997,275.65999999999997,275.65999999999997,0.0,0.0,275.65999999999997,276.52,5.622283151077064,5.619168222266293,5.619168222266293,5.619168222266293,5.619168222266293,5.619168222266293,5.619168222266293,0.0,0.0,0.0,0.0,0.0,0.0031149288107714668
11114,2024-02-16,656.0,False,False,False,Indoor Track,127,Mile,,,,,,,4:34.60,11,M,,2024-02-16,274.6,M,,2024,2,276.52,27.0,276.09,275.65999999999997,276.09,276.36412499999994,0.0022025855041208344,0.0,276.30499999999995,274.6,5.6153154933338705,5.622283151077064,5.620726899518875,5.621505328037803,5.619168222266293,5.620726899518875,5.621719289692439,0.0007778230392609942,-0.0007784285189282869,-0.0023371057715104726,-0.0007784285189282869,0.0002139616546354972,-0.00618983470393264
13159,2024-02-24,737.0,True,False,False,Indoor Track,127,Mile,,,,,,,4:30.87,11,M,,2024-02-24,270.87,M,,2024,3,274.6,8.0,275.59333333333336,274.6,275.5933333333333,274.991125,0.003489687259337272,0.0,275.345,270.87,5.601639000987498,5.6153154933338705,5.618926349200098,5.618024856836519,5.6153154933338705,5.618926349200098,5.616738824418523,-0.0027093635026487206,0.0009014923635790595,-0.0027093635026487206,0.0009014923635790595,-0.0012860324179966298,-0.016385855849021524
95389,2025-03-01,737.0,True,False,False,Indoor Track,127,Mile,,,,,,,4:45.23,11,M,,2025-03-01,285.23,M,,2025,4,270.87,371.0,274.4125,270.87,273.99666666666667,272.3755625,0.009069532965614014,0.0,274.4125,285.23,5.653295872348943,5.601639000987498,5.614632448750041,5.614632448750041,5.601639000987498,5.613115940863949,5.60718185843016,-0.012993447762543298,0.0,-0.012993447762543298,-0.0015165078860919223,-0.007450590319881378,0.03866342359890229
33895,2023-04-15,939.0,True,False,True,Outdoor Track,117,1500m,,,,,,,4:29.80,12,M,,2023-04-15,269.8,M,,2023,1,270.52,378.0,270.5199999999999,270.52,270.52,270.52,0.0,0.0,270.52,269.8,5.597680943773655,5.600346032706739,5.600346032706739,5.600346032706739,5.600346032706739,5.600346032706739,5.600346032706739,0.0,0.0,0.0,0.0,0.0,-0.0026650889330834815
18217,2024-04-06,147.0,True,False,True,Outdoor Track,117,1500m,F,55.33,34.93,46.0,18.41,,4:38.00,12,M,,2024-04-06,278.0,M,,2024,2,269.8,357.0,270.15999999999997,269.8,270.15999999999997,269.9305,0.0018845013417356695,0.0,269.98,278.0,5.627621113690637,5.597680943773655,5.599014376077312,5.598347882180681,5.597680943773655,5.599014376077312,5.598164518455994,-0.0006669384070256967,0.0006664938966309819,-0.0006669384070256967,0.0006664938966309819,-0.00018336372468663598,0.029273231509955977
15490,2024-03-22,812.0,False,False,False,Outdoor Track,117,3000m Steeplechase,,,,,,,11:15.70,12,M,,2024-03-22,675.7,M,,2024,1,680.51,342.0,680.51,680.51,680.51,680.51,0.0,0.0,680.51,675.7,6.515749190558129,6.522842517060698,6.522842517060698,6.522842517060698,6.522842517060698,6.522842517060698,6.522842517060698,0.0,0.0,0.0,0.0,0.0,-0.007093326502569219
18364,2024-04-06,147.0,True,False,True,Outdoor Track,117,3000m Steeplechase,M,58.84,35.22,41.0,13.8,,11:20.01,12,M,,2024-04-06,680.01,M,,2024,2,675.7,15.0,678.105,675.7,678.105,676.5718125000001,0.005015718240574327,0.0,676.9025,680.01,6.522107503944375,6.515749190558129,6.519302143206337,6.517527244815468,6.515749190558129,6.519302143206337,6.51703859497036,-0.0017780542573389013,0.0017748983908694171,-0.0017780542573389013,0.0017748983908694171,-0.0004886498451073251,0.004580259128907471
33652,2023-04-15,939.0,True,False,True,Outdoor Track,117,5000m,,,,,,,16:50.20,12,M,,2023-04-15,1010.2,M,,2023,1,981.04,378.0,981.04,981.04,981.04,981.04,0.0,0.0,981.04,1010.2,6.917903610033952,6.88861323345377,6.88861323345377,6.88861323345377,6.88861323345377,6.88861323345377,6.88861323345377,0.0,0.0,0.0,0.0,0.0,0.029290376580181743
9379,2024-02-03,812.0,False,False,False,Indoor Track,117,5000m,,,,,,,16:53.86,12,M,,2024-02-03,1013.86,M,,2024,2,1010.2,294.0,995.6199999999999,981.04,995.62,1004.9147499999999,0.020709943291021014,0.0,1002.91,1013.86,6.921520107557851,6.917903610033952,6.903365658680579,6.910661053128308,6.88861323345377,6.903365658680579,6.912657991024612,0.007242556905644015,-0.0072953944477287536,-0.022047819674537728,-0.0072953944477287536,0.001996937896303841,0.010859054429542603
18471,2024-04-06,147.0,True,False,True,Outdoor Track,117,5000m,F,55.06,34.12,45.0,14.97,,16:53.68,12,M,,2024-04-06,1013.68,M,,2024,3,1013.86,63.0,1001.6999999999999,981.04,1001.6999999999999,1009.0719999999999,0.017954904097494583,0.0,1004.74,1013.68,6.9213425524906524,6.921520107557851,6.909453835617718,6.912484080555224,6.88861323345377,6.909453835617718,6.916786375587744,0.009036027002626845,-0.0030302449375056995,-0.023870847101453485,-0.0030302449375056995,0.00430229503252022,0.008858471935428547
61559,2021-10-23,762.0,True,True,False,Cross Country,117,8000m,,,,,,,26:17.10,12,M,,2021-10-23,1577.1,M,,2021,1,1578.9,28.0,1578.9,1578.9,1578.9,1578.9,0.0,0.0,1578.9,1577.1,7.363342996493512,7.364483681027843,7.364483681027843,7.364483681027843,7.364483681027843,7.364483681027843,7.364483681027843,0.0,0.0,0.0,0.0,0.0,-0.0011406845343309158
24846,2021-11-06,762.0,True,False,True,Cross Country,117,8000m,,,,,,,27:11.50,12,M,,2021-11-06,1631.5,M,,2021,2,1577.1,14.0,1578.0,1577.1,1578.0,1577.42625,0.0008065856819896633,0.0,1577.55,1631.5,7.397255116033375,7.363342996493512,7.363913501405819,7.363628289634147,7.363342996493512,7.363913501405819,7.363549842133907,-0.00028529314063518996,0.000285211771672067,-0.00028529314063518996,0.000285211771672067,-7.844750023977554e-05,0.033626826399228094
63105,2022-09-17,610.0,True,False,False,Cross Country,117,8000m,,,,,,,27:33.20,12,M,,2022-09-17,1653.2,M,,2022,3,1631.5,315.0,1595.8333333333333,1577.1,1595.8333333333333,1617.45625,0.019363769236379922,0.0,1604.75,1653.2,7.4104680826375775,7.397255116033375,7.375151344820791,7.380723260191887,7.363342996493512,7.375151344820791,7.388609978095808,0.016531855841487975,-0.005571915371096026,-0.01738026369837531,-0.005571915371096026,0.00788671790392037,0.02974482244569021
63627,2022-10-01,859.0,True,False,False,Cross Country,117,8000m,,,,,,,26:06.50,12,M,,2022-10-01,1566.5,M,,2022,4,1653.2,14.0,1610.175,1577.1,1620.5999999999997,1634.9143749999998,0.023724854183639493,0.0,1610.175,1566.5,7.356599110392247,7.4104680826375775,7.384098147723738,7.384098147723738,7.363342996493512,7.390551730026624,7.399345711929414,0.026369934913839543,0.0,-0.020755151230225977,0.006453582302886396,0.015247564205676412,-0.027499037331491394
